29879716|2019-08-04 07:20:40.523|2019-08-04 07:20:40.523|0|29879717|5|0|0|https://media.iceportal.com/73673/photos/1480668_L.jpg|29879717|2019-08-04 07:20:40.523|2019-08-04 07:20:40.523|0|DERBY|NULL|26|NULL|Boston Public Garden|FairmontCopleyPlaza
29879717|2019-08-04 07:20:40.523|2019-08-04 07:20:40.523|0|29879718|5|0|0|https://media.iceportal.com/73673/photos/62036567_L.jpg|29879718|2019-08-04 07:20:40.523|2019-08-04 07:20:40.523|0|DERBY|NULL|11|NULL|Fairmont Gold Lounge|FairmontCopleyPlaza
29879718|2019-08-04 07:20:40.523|2019-08-04 07:20:40.523|0|29879719|5|0|0|https://media.iceportal.com/73673/photos/62036687_L.jpg|29879719|2019-08-04 07:20:40.523|2019-08-04 07:20:40.523|0|DERBY|NULL|24|NULL|Boston Public Garden Autumn|FairmontCopleyPlaza
29879719|2019-08-04 07:20:40.523|2019-08-04 07:20:40.523|0|29879720|5|0|0|https://media.iceportal.com/73673/photos/62034925_L.jpg|29879720|2019-08-04 07:20:40.523|2019-08-04 07:20:40.523|0|DERBY|NULL|6|NULL|Fairmont Room|FairmontCopleyPlaza
29879720|2019-08-04 07:20:40.540|2019-08-04 07:20:40.540|0|29879721|5|0|0|https://media.iceportal.com/73673/photos/62034020_L.jpg|29879721|2019-08-04 07:20:40.523|2019-08-04 07:20:40.523|0|DERBY|NULL|12|NULL|Grand Ballroom|FairmontCopleyPlaza
29879721|2019-08-04 07:20:40.540|2019-08-04 07:20:40.540|0|29879722|5|0|0|https://media.iceportal.com/73673/photos/62034166_L.jpg|29879722|2019-08-04 07:20:40.540|2019-08-04 07:20:40.540|0|DERBY|NULL|14|NULL|Forum Room|FairmontCopleyPlaza
29879722|2019-08-04 07:20:40.540|2019-08-04 07:20:40.540|0|29879723|5|0|0|https://media.iceportal.com/73673/photos/62034066_L.jpg|29879723|2019-08-04 07:20:40.540|2019-08-04 07:20:40.540|0|DERBY|NULL|9|NULL|One Bedroom Suite Bedroom|FairmontCopleyPlaza
29879723|2019-08-04 07:20:40.540|2019-08-04 07:20:40.540|0|29879724|5|0|0|https://media.iceportal.com/73673/photos/62034930_L.jpg|29879724|2019-08-04 07:20:40.540|2019-08-04 07:20:40.540|0|DERBY|NULL|6|NULL|Deluxe Room|FairmontCopleyPlaza
29879724|2019-08-04 07:20:40.540|2019-08-04 07:20:40.540|0|29879725|5|0|0|https://media.iceportal.com/73673/photos/1480522_L.jpg|29879725|2019-08-04 07:20:40.540|2019-08-04 07:20:40.540|0|DERBY|NULL|14|NULL|Venetian Room|FairmontCopleyPlaza
29879725|2019-08-04 07:20:40.540|2019-08-04 07:20:40.540|0|29879726|5|0|0|https://media.iceportal.com/73673/photos/62034226_L.jpg|29879726|2019-08-04 07:20:40.540|2019-08-04 07:20:40.540|0|DERBY|NULL|24|NULL|Boston Public Garden|FairmontCopleyPlaza
29879726|2019-08-04 07:20:40.540|2019-08-04 07:20:40.540|0|29879727|5|0|0|https://media.iceportal.com/73673/photos/62034316_L.jpg|29879727|2019-08-04 07:20:40.540|2019-08-04 07:20:40.540|0|DERBY|NULL|14|NULL|St. James Room|FairmontCopleyPlaza
29879727|2019-08-04 07:20:40.557|2019-08-04 07:20:40.557|0|29879728|5|0|0|https://media.iceportal.com/73673/photos/62034212_L.jpg|29879728|2019-08-04 07:20:40.540|2019-08-04 07:20:40.540|0|DERBY|NULL|12|NULL|Ballroom Foyer|FairmontCopleyPlaza
29879728|2019-08-04 07:20:40.557|2019-08-04 07:20:40.557|0|29879729|5|0|0|https://media.iceportal.com/73673/photos/62034138_L.jpg|29879729|2019-08-04 07:20:40.557|2019-08-04 07:20:40.557|0|DERBY|NULL|14|NULL|St. James Room|FairmontCopleyPlaza
29879729|2019-08-04 07:20:40.557|2019-08-04 07:20:40.557|0|29879730|5|0|0|https://media.iceportal.com/73673/photos/62034068_L.jpg|29879730|2019-08-04 07:20:40.557|2019-08-04 07:20:40.557|0|DERBY|NULL|6|NULL|Moderate Room|FairmontCopleyPlaza
29879730|2019-08-04 07:20:40.557|2019-08-04 07:20:40.557|0|29879731|5|0|0|https://media.iceportal.com/73673/photos/62034302_L.jpg|29879731|2019-08-04 07:20:40.557|2019-08-04 07:20:40.557|0|DERBY|NULL|11|NULL|Fairmont Gold|FairmontCopleyPlaza
29879731|2019-08-04 07:20:40.570|2019-08-04 07:20:40.570|0|29879732|5|0|0|https://media.iceportal.com/73673/photos/62034932_L.jpg|29879732|2019-08-04 07:20:40.557|2019-08-04 07:20:40.557|0|DERBY|NULL|6|NULL|Fairmont Room|FairmontCopleyPlaza
29879732|2019-08-04 07:20:40.570|2019-08-04 07:20:40.570|0|29879733|5|0|0|https://media.iceportal.com/73673/photos/62035355_L.jpg|29879733|2019-08-04 07:20:40.570|2019-08-04 07:20:40.570|0|DERBY|NULL|4|NULL|Sandwich|FairmontCopleyPlaza
29879733|2019-08-04 07:20:40.570|2019-08-04 07:20:40.570|0|29879734|5|0|0|https://media.iceportal.com/73673/photos/62036695_L.jpg|29879734|2019-08-04 07:20:40.570|2019-08-04 07:20:40.570|0|DERBY|NULL|12|NULL|Oval Room Wedding|FairmontCopleyPlaza
29879734|2019-08-04 07:20:40.570|2019-08-04 07:20:40.570|0|29879735|5|0|0|https://media.iceportal.com/73673/photos/62035359_L.jpg|29879735|2019-08-04 07:20:40.570|2019-08-04 07:20:40.570|0|DERBY|NULL|4|NULL|OAK Long Bar + Kitchen|FairmontCopleyPlaza
29879735|2019-08-04 07:20:40.570|2019-08-04 07:20:40.570|0|29879736|5|0|0|https://media.iceportal.com/73673/photos/62034130_L.jpg|29879736|2019-08-04 07:20:40.570|2019-08-04 07:20:40.570|0|DERBY|NULL|14|NULL|Copley Room|FairmontCopleyPlaza
29879736|2019-08-04 07:20:40.587|2019-08-04 07:20:40.587|0|29879737|5|0|0|https://media.iceportal.com/73673/photos/62036681_L.jpg|29879737|2019-08-04 07:20:40.570|2019-08-04 07:20:40.570|0|DERBY|NULL|12|NULL|Oval Room Wedding|FairmontCopleyPlaza
29879737|2019-08-04 07:20:40.587|2019-08-04 07:20:40.587|0|29879738|5|0|0|https://media.iceportal.com/73673/photos/62034214_L.jpg|29879738|2019-08-04 07:20:40.587|2019-08-04 07:20:40.587|0|DERBY|NULL|14|NULL|St. James Room|FairmontCopleyPlaza
29879738|2019-08-04 07:20:40.587|2019-08-04 07:20:40.587|0|29879739|5|0|0|https://media.iceportal.com/73673/photos/62034014_L.jpg|29879739|2019-08-04 07:20:40.587|2019-08-04 07:20:40.587|0|DERBY|NULL|9|NULL|Presidential Suite Living Room|FairmontCopleyPlaza
29879739|2019-08-04 07:20:40.587|2019-08-04 07:20:40.587|0|29879740|5|0|0|https://media.iceportal.com/73673/photos/62034064_L.jpg|29879740|2019-08-04 07:20:40.587|2019-08-04 07:20:40.587|0|DERBY|NULL|6|NULL|Fairmont Gold Signature Room|FairmontCopleyPlaza
29879740|2019-08-04 07:20:40.587|2019-08-04 07:20:40.587|0|29879741|5|0|0|https://media.iceportal.com/73673/photos/62034136_L.jpg|29879741|2019-08-04 07:20:40.587|2019-08-04 07:20:40.587|0|DERBY|NULL|14|NULL|Ballroom Foyer|FairmontCopleyPlaza
29879741|2019-08-04 07:20:40.603|2019-08-04 07:20:40.603|0|29879742|5|0|0|https://media.iceportal.com/73673/photos/62036509_L.jpg|29879742|2019-08-04 07:20:40.603|2019-08-04 07:20:40.603|0|DERBY|NULL|9|NULL|Presidential Suite Bedroom|FairmontCopleyPlaza
29879742|2019-08-04 07:20:40.603|2019-08-04 07:20:40.603|0|29879743|5|0|0|https://media.iceportal.com/73673/photos/62034300_L.jpg|29879743|2019-08-04 07:20:40.603|2019-08-04 07:20:40.603|0|DERBY|NULL|3|NULL|Rooftop Health Club|FairmontCopleyPlaza
29879743|2019-08-04 07:20:40.603|2019-08-04 07:20:40.603|0|29879744|5|0|0|https://media.iceportal.com/73673/photos/62034028_L.jpg|29879744|2019-08-04 07:20:40.603|2019-08-04 07:20:40.603|0|DERBY|NULL|14|NULL|Oval Room|FairmontCopleyPlaza
29879744|2019-08-04 07:20:40.603|2019-08-04 07:20:40.603|0|29879745|5|0|0|https://media.iceportal.com/73673/photos/62034322_L.jpg|29879745|2019-08-04 07:20:40.603|2019-08-04 07:20:40.603|0|DERBY|NULL|14|NULL|Oval Room|FairmontCopleyPlaza
29879745|2019-08-04 07:20:40.603|2019-08-04 07:20:40.603|0|29879746|5|0|0|https://media.iceportal.com/73673/photos/62034324_L.jpg|29879746|2019-08-04 07:20:40.603|2019-08-04 07:20:40.603|0|DERBY|NULL|12|NULL|Grand Ballroom|FairmontCopleyPlaza
29879746|2019-08-04 07:20:40.603|2019-08-04 07:20:40.603|0|29879747|5|0|0|https://media.iceportal.com/73673/photos/62034022_L.jpg|29879747|2019-08-04 07:20:40.603|2019-08-04 07:20:40.603|0|DERBY|NULL|12|NULL|Grand Ballroom|FairmontCopleyPlaza
29879747|2019-08-04 07:20:40.603|2019-08-04 07:20:40.603|0|29879748|5|0|0|https://media.iceportal.com/73673/photos/62036569_L.jpg|29879748|2019-08-04 07:20:40.603|2019-08-04 07:20:40.603|0|DERBY|NULL|14|NULL|Copley Room|FairmontCopleyPlaza
29879748|2019-08-04 07:20:40.617|2019-08-04 07:20:40.617|0|29879749|5|0|0|https://media.iceportal.com/73673/photos/62034338_L.jpg|29879749|2019-08-04 07:20:40.617|2019-08-04 07:20:40.617|0|DERBY|NULL|14|NULL|State Suites|FairmontCopleyPlaza
29879749|2019-08-04 07:20:40.617|2019-08-04 07:20:40.617|0|29879750|5|0|0|https://media.iceportal.com/73673/photos/62036517_L.jpg|29879750|2019-08-04 07:20:40.617|2019-08-04 07:20:40.617|0|DERBY|NULL|14|NULL|Singleton Room|FairmontCopleyPlaza
29879750|2019-08-04 07:20:40.617|2019-08-04 07:20:40.617|0|29879751|5|0|0|https://media.iceportal.com/73673/photos/62035397_L.jpg|29879751|2019-08-04 07:20:40.617|2019-08-04 07:20:40.617|0|DERBY|NULL|3|NULL|Fitness Center|FairmontCopleyPlaza
29879751|2019-08-04 07:20:40.617|2019-08-04 07:20:40.617|0|29879752|5|0|0|https://media.iceportal.com/73673/photos/62034124_L.jpg|29879752|2019-08-04 07:20:40.617|2019-08-04 07:20:40.617|0|DERBY|NULL|14|NULL|St. James Room|FairmontCopleyPlaza
29879752|2019-08-04 07:20:40.617|2019-08-04 07:20:40.617|0|29879753|5|0|0|https://media.iceportal.com/73673/photos/62034911_L.jpg|29879753|2019-08-04 07:20:40.617|2019-08-04 07:20:40.617|0|DERBY|NULL|1|NULL|Front Entrance|FairmontCopleyPlaza
29879753|2019-08-04 07:20:40.633|2019-08-04 07:20:40.633|0|29879754|5|0|0|https://media.iceportal.com/73673/photos/62034228_L.jpg|29879754|2019-08-04 07:20:40.633|2019-08-04 07:20:40.633|0|DERBY|NULL|6|NULL|Deluxe Double Room|FairmontCopleyPlaza
29879754|2019-08-04 07:20:40.633|2019-08-04 07:20:40.633|0|29879755|5|0|0|https://media.iceportal.com/73673/photos/62035351_L.jpg|29879755|2019-08-04 07:20:40.633|2019-08-04 07:20:40.633|0|DERBY|NULL|4|NULL|OAK Long Bar + Kitchen|FairmontCopleyPlaza
29879755|2019-08-04 07:20:40.633|2019-08-04 07:20:40.633|0|29879756|5|0|0|https://media.iceportal.com/73673/photos/62034913_L.jpg|29879756|2019-08-04 07:20:40.633|2019-08-04 07:20:40.633|0|DERBY|NULL|1|NULL|Hotel Exterior|FairmontCopleyPlaza
29879756|2019-08-04 07:20:40.633|2019-08-04 07:20:40.633|0|29879757|5|0|0|https://media.iceportal.com/73673/photos/62034118_L.jpg|29879757|2019-08-04 07:20:40.633|2019-08-04 07:20:40.633|0|DERBY|NULL|4|NULL|OAK Long Bar + Kitchen Entrance|FairmontCopleyPlaza
29879757|2019-08-04 07:20:40.633|2019-08-04 07:20:40.633|0|29879758|5|0|0|https://media.iceportal.com/73673/photos/62035393_L.jpg|29879758|2019-08-04 07:20:40.633|2019-08-04 07:20:40.633|0|DERBY|NULL|4|NULL|Passionfruit Mojito|FairmontCopleyPlaza
29879758|2019-08-04 07:20:40.633|2019-08-04 07:20:40.633|0|29879759|5|0|0|https://media.iceportal.com/73673/photos/62034160_L.jpg|29879759|2019-08-04 07:20:40.633|2019-08-04 07:20:40.633|0|DERBY|NULL|14|NULL|Singleton Room|FairmontCopleyPlaza
29879759|2019-08-04 07:20:40.633|2019-08-04 07:20:40.633|0|29879760|5|0|0|https://media.iceportal.com/73673/photos/62036699_L.jpg|29879760|2019-08-04 07:20:40.633|2019-08-04 07:20:40.633|0|DERBY|NULL|1|NULL|Hotel Exterior Spring, Summer|FairmontCopleyPlaza
29879760|2019-08-04 07:20:40.650|2019-08-04 07:20:40.650|0|29879761|5|0|0|https://media.iceportal.com/73673/photos/62036685_L.jpg|29879761|2019-08-04 07:20:40.650|2019-08-04 07:20:40.650|0|DERBY|NULL|24|NULL|Boston Public Garden Autumn|FairmontCopleyPlaza
29879761|2019-08-04 07:20:40.650|2019-08-04 07:20:40.650|0|29879762|5|0|0|https://media.iceportal.com/73673/photos/62036507_L.jpg|29879762|2019-08-04 07:20:40.650|2019-08-04 07:20:40.650|0|DERBY|NULL|24|NULL|Boston Public Garden|FairmontCopleyPlaza
29879762|2019-08-04 07:20:40.650|2019-08-04 07:20:40.650|0|29879763|5|0|0|https://media.iceportal.com/73673/photos/1480528_L.jpg|29879763|2019-08-04 07:20:40.650|2019-08-04 07:20:40.650|0|DERBY|NULL|6|NULL|Fairmont Gold Signature Room|FairmontCopleyPlaza
29879763|2019-08-04 07:20:40.650|2019-08-04 07:20:40.650|0|29879764|5|0|0|https://media.iceportal.com/73673/photos/62035399_L.jpg|29879764|2019-08-04 07:20:40.650|2019-08-04 07:20:40.650|0|DERBY|NULL|3|NULL|Fitness Center|FairmontCopleyPlaza
29879764|2019-08-04 07:20:40.650|2019-08-04 07:20:40.650|0|29879765|5|0|0|https://media.iceportal.com/73673/photos/62034052_L.jpg|29879765|2019-08-04 07:20:40.650|2019-08-04 07:20:40.650|0|DERBY|NULL|11|NULL|Fairmont Gold Lounge|FairmontCopleyPlaza
29879765|2019-08-04 07:20:40.663|2019-08-04 07:20:40.663|0|29879766|5|0|0|https://media.iceportal.com/73673/photos/62034919_L.jpg|29879766|2019-08-04 07:20:40.663|2019-08-04 07:20:40.663|0|DERBY|NULL|1|NULL|Exterior|FairmontCopleyPlaza
29879766|2019-08-04 07:20:40.663|2019-08-04 07:20:40.663|0|29879767|5|0|0|https://media.iceportal.com/73673/photos/62034330_L.jpg|29879767|2019-08-04 07:20:40.663|2019-08-04 07:20:40.663|0|DERBY|NULL|4|NULL|Iced Tea|FairmontCopleyPlaza
29879767|2019-08-04 07:20:40.663|2019-08-04 07:20:40.663|0|29879768|5|0|0|https://media.iceportal.com/73673/photos/62036679_L.jpg|29879768|2019-08-04 07:20:40.663|2019-08-04 07:20:40.663|0|DERBY|NULL|4|NULL|OAK Long Bar + Kitchen|FairmontCopleyPlaza
29879768|2019-08-04 07:20:40.663|2019-08-04 07:20:40.663|0|29879769|5|0|0|https://media.iceportal.com/73673/photos/62034924_L.jpg|29879769|2019-08-04 07:20:40.663|2019-08-04 07:20:40.663|0|DERBY|NULL|6|NULL|Fairmont Room|FairmontCopleyPlaza
29879769|2019-08-04 07:20:40.663|2019-08-04 07:20:40.663|0|29879770|5|0|0|https://media.iceportal.com/73673/photos/62034938_L.jpg|29879770|2019-08-04 07:20:40.663|2019-08-04 07:20:40.663|0|DERBY|NULL|6|NULL|Signature Interior Courtyard King|FairmontCopleyPlaza
29879770|2019-08-04 07:20:40.663|2019-08-04 07:20:40.663|0|29879771|5|0|0|https://media.iceportal.com/73673/photos/62034304_L.jpg|29879771|2019-08-04 07:20:40.663|2019-08-04 07:20:40.663|0|DERBY|NULL|14|NULL|Dining Service|FairmontCopleyPlaza
29879771|2019-08-04 07:20:40.680|2019-08-04 07:20:40.680|0|29879772|5|0|0|https://media.iceportal.com/73673/photos/62034058_L.jpg|29879772|2019-08-04 07:20:40.663|2019-08-04 07:20:40.663|0|DERBY|NULL|14|NULL|St. James Room|FairmontCopleyPlaza
29879772|2019-08-04 07:20:40.680|2019-08-04 07:20:40.680|0|29879773|5|0|0|https://media.iceportal.com/73673/photos/62036671_L.jpg|29879773|2019-08-04 07:20:40.680|2019-08-04 07:20:40.680|0|DERBY|NULL|4|NULL|OAK Long Bar + Kitchen|FairmontCopleyPlaza
29879773|2019-08-04 07:20:40.680|2019-08-04 07:20:40.680|0|29879774|5|0|0|https://media.iceportal.com/73673/photos/62035305_L.jpg|29879774|2019-08-04 07:20:40.680|2019-08-04 07:20:40.680|0|DERBY|NULL|4|NULL|Flatbread Pizza|FairmontCopleyPlaza
29879774|2019-08-04 07:20:40.680|2019-08-04 07:20:40.680|0|29879775|5|0|0|https://media.iceportal.com/73673/photos/62036501_L.jpg|29879775|2019-08-04 07:20:40.680|2019-08-04 07:20:40.680|0|DERBY|NULL|14|NULL|Singleton Room|FairmontCopleyPlaza
29879775|2019-08-04 07:20:40.680|2019-08-04 07:20:40.680|0|29879776|5|0|0|https://media.iceportal.com/73673/photos/62034122_L.jpg|29879776|2019-08-04 07:20:40.680|2019-08-04 07:20:40.680|0|DERBY|NULL|14|NULL|Venetian Room|FairmontCopleyPlaza
29879776|2019-08-04 07:20:40.680|2019-08-04 07:20:40.680|0|29879777|5|0|0|https://media.iceportal.com/73673/photos/62034336_L.jpg|29879777|2019-08-04 07:20:40.680|2019-08-04 07:20:40.680|0|DERBY|NULL|4|NULL|Charcuterie Board|FairmontCopleyPlaza
29879777|2019-08-04 07:20:40.697|2019-08-04 07:20:40.697|0|29879778|5|0|0|https://media.iceportal.com/73673/photos/62036689_L.jpg|29879778|2019-08-04 07:20:40.680|2019-08-04 07:20:40.680|0|DERBY|NULL|24|NULL|Boston Commonwealth Avenue|FairmontCopleyPlaza
29879778|2019-08-04 07:20:40.697|2019-08-04 07:20:40.697|0|29879779|5|0|0|https://media.iceportal.com/73673/photos/62034318_L.jpg|29879779|2019-08-04 07:20:40.697|2019-08-04 07:20:40.697|0|DERBY|NULL|14|NULL|Venetian Room|FairmontCopleyPlaza
29879779|2019-08-04 07:20:40.697|2019-08-04 07:20:40.697|0|29879780|5|0|0|https://media.iceportal.com/73673/photos/62034936_L.jpg|29879780|2019-08-04 07:20:40.697|2019-08-04 07:20:40.697|0|DERBY|NULL|6|NULL|Fairmont Gold Room|FairmontCopleyPlaza
29879780|2019-08-04 07:20:40.697|2019-08-04 07:20:40.697|0|29879781|5|0|0|https://media.iceportal.com/73673/photos/62034927_L.jpg|29879781|2019-08-04 07:20:40.697|2019-08-04 07:20:40.697|0|DERBY|NULL|6|NULL|Fairmont Gold Room|FairmontCopleyPlaza
29879781|2019-08-04 07:20:40.697|2019-08-04 07:20:40.697|0|29879782|5|0|0|https://media.iceportal.com/73673/photos/62036503_L.jpg|29879782|2019-08-04 07:20:40.697|2019-08-04 07:20:40.697|0|DERBY|NULL|14|NULL|State Suite A and B|FairmontCopleyPlaza
29879782|2019-08-04 07:20:40.697|2019-08-04 07:20:40.697|0|29879783|5|0|0|https://media.iceportal.com/73673/photos/62036673_L.jpg|29879783|2019-08-04 07:20:40.697|2019-08-04 07:20:40.697|0|DERBY|NULL|4|NULL|OAK Long Bar + Kitchen|FairmontCopleyPlaza
29879783|2019-08-04 07:20:40.710|2019-08-04 07:20:40.710|0|29879784|5|0|0|https://media.iceportal.com/73673/photos/62034062_L.jpg|29879784|2019-08-04 07:20:40.697|2019-08-04 07:20:40.697|0|DERBY|NULL|9|NULL|One Bedroom Suite|FairmontCopleyPlaza
29879784|2019-08-04 07:20:40.710|2019-08-04 07:20:40.710|0|29879785|5|0|0|https://media.iceportal.com/73673/photos/62034060_L.jpg|29879785|2019-08-04 07:20:40.710|2019-08-04 07:20:40.710|0|DERBY|NULL|9|NULL|One Bedroom Suite Living Room|FairmontCopleyPlaza
29879785|2019-08-04 07:20:40.710|2019-08-04 07:20:40.710|0|29879786|5|0|0|https://media.iceportal.com/73673/photos/62036575_L.jpg|29879786|2019-08-04 07:20:40.710|2019-08-04 07:20:40.710|0|DERBY|NULL|9|NULL|Presidential Suite Dining Room|FairmontCopleyPlaza
29879786|2019-08-04 07:20:40.710|2019-08-04 07:20:40.710|0|29879787|5|0|0|https://media.iceportal.com/73673/photos/62034210_L.jpg|29879787|2019-08-04 07:20:40.710|2019-08-04 07:20:40.710|0|DERBY|NULL|2|NULL|Hotel Lobby|FairmontCopleyPlaza
29879787|2019-08-04 07:20:40.710|2019-08-04 07:20:40.710|0|29879788|5|0|0|https://media.iceportal.com/73673/photos/62036683_L.jpg|29879788|2019-08-04 07:20:40.710|2019-08-04 07:20:40.710|0|DERBY|NULL|12|NULL|Oval Room Wedding|FairmontCopleyPlaza
29879788|2019-08-04 07:20:40.727|2019-08-04 07:20:40.727|0|29879789|5|0|0|https://media.iceportal.com/73673/photos/62035391_L.jpg|29879789|2019-08-04 07:20:40.727|2019-08-04 07:20:40.727|0|DERBY|NULL|3|NULL|Rooftop Health Club|FairmontCopleyPlaza
29879789|2019-08-04 07:20:40.727|2019-08-04 07:20:40.727|0|29879790|5|0|0|https://media.iceportal.com/73673/photos/62035357_L.jpg|29879790|2019-08-04 07:20:40.727|2019-08-04 07:20:40.727|0|DERBY|NULL|4|NULL|Lobster|FairmontCopleyPlaza
29879790|2019-08-04 07:20:40.727|2019-08-04 07:20:40.727|0|29879791|5|0|0|https://media.iceportal.com/73673/photos/62036563_L.jpg|29879791|2019-08-04 07:20:40.727|2019-08-04 07:20:40.727|0|DERBY|NULL|9|NULL|One Bedroom Suite|FairmontCopleyPlaza
29879791|2019-08-04 07:20:40.727|2019-08-04 07:20:40.727|0|29879792|5|0|0|https://media.iceportal.com/73673/photos/1480648_L.jpg|29879792|2019-08-04 07:20:40.727|2019-08-04 07:20:40.727|0|DERBY|NULL|14|NULL|Forum Room|FairmontCopleyPlaza
29879792|2019-08-04 07:20:40.743|2019-08-04 07:20:40.743|0|29879793|5|0|0|https://media.iceportal.com/73673/photos/62036561_L.jpg|29879793|2019-08-04 07:20:40.743|2019-08-04 07:20:40.743|0|DERBY|NULL|14|NULL|Commonwealth Room|FairmontCopleyPlaza
29879793|2019-08-04 07:20:40.743|2019-08-04 07:20:40.743|0|29879794|5|0|0|https://media.iceportal.com/73673/photos/62035353_L.jpg|29879794|2019-08-04 07:20:40.743|2019-08-04 07:20:40.743|0|DERBY|NULL|14|NULL|Back Bay Room|FairmontCopleyPlaza
29879947|2019-08-04 07:20:43.773|2019-08-04 07:20:43.773|0|29879948|5|0|0|https://media.iceportal.com/73674/photos/62796417_L.jpg|29879948|2019-08-04 07:20:43.773|2019-08-04 07:20:43.773|0|DERBY|NULL|4|NULL|Breakfast in Bed|FairmontChateauWhistler
29879948|2019-08-04 07:20:43.773|2019-08-04 07:20:43.773|0|29879949|5|0|0|https://media.iceportal.com/73674/photos/63206553_L.jpg|29879949|2019-08-04 07:20:43.773|2019-08-04 07:20:43.773|0|DERBY|NULL|4|NULL|The Wildflower|FairmontChateauWhistler
29879949|2019-08-04 07:20:43.773|2019-08-04 07:20:43.773|0|29879950|5|0|0|https://media.iceportal.com/73674/photos/62709871_L.jpg|29879950|2019-08-04 07:20:43.773|2019-08-04 07:20:43.773|0|DERBY|NULL|4|NULL|Grill Room Private Dining Room|FairmontChateauWhistler
29879950|2019-08-04 07:20:43.773|2019-08-04 07:20:43.773|0|29879951|5|0|0|https://media.iceportal.com/73674/photos/63099641_L.jpg|29879951|2019-08-04 07:20:43.773|2019-08-04 07:20:43.773|0|DERBY|NULL|1|NULL|Whistler Twilight|FairmontChateauWhistler
29879951|2019-08-04 07:20:43.773|2019-08-04 07:20:43.773|0|29879952|5|0|0|https://media.iceportal.com/73674/photos/62701409_L.jpg|29879952|2019-08-04 07:20:43.773|2019-08-04 07:20:43.773|0|DERBY|NULL|14|NULL|Macdonald Set up|FairmontChateauWhistler
29879952|2019-08-04 07:20:43.773|2019-08-04 07:20:43.773|0|29879953|5|0|0|https://media.iceportal.com/73674/photos/63204387_L.jpg|29879953|2019-08-04 07:20:43.773|2019-08-04 07:20:43.773|0|DERBY|NULL|14|NULL|Banquet Setup|FairmontChateauWhistler
29879953|2019-08-04 07:20:43.773|2019-08-04 07:20:43.773|0|29879954|5|0|0|https://media.iceportal.com/73674/photos/63204377_L.jpg|29879954|2019-08-04 07:20:43.773|2019-08-04 07:20:43.773|0|DERBY|NULL|4|NULL|The Mallard Lounge|FairmontChateauWhistler
29879954|2019-08-04 07:20:43.790|2019-08-04 07:20:43.790|0|29879955|5|0|0|https://media.iceportal.com/73674/photos/63206543_L.jpg|29879955|2019-08-04 07:20:43.790|2019-08-04 07:20:43.790|0|DERBY|NULL|4|NULL|The Wildflower|FairmontChateauWhistler
29879955|2019-08-04 07:20:43.790|2019-08-04 07:20:43.790|0|29879956|5|0|0|https://media.iceportal.com/73674/photos/63099213_L.jpg|29879956|2019-08-04 07:20:43.790|2019-08-04 07:20:43.790|0|DERBY|NULL|4|NULL|Portobello Lunch|FairmontChateauWhistler
29879956|2019-08-04 07:20:43.790|2019-08-04 07:20:43.790|0|29879957|5|0|0|https://media.iceportal.com/73674/photos/63218244_L.jpg|29879957|2019-08-04 07:20:43.790|2019-08-04 07:20:43.790|0|DERBY|NULL|4|NULL|The Chalet|FairmontChateauWhistler
29879957|2019-08-04 07:20:43.790|2019-08-04 07:20:43.790|0|29879958|5|0|0|https://media.iceportal.com/73674/photos/62796042_L.jpg|29879958|2019-08-04 07:20:43.790|2019-08-04 07:20:43.790|0|DERBY|NULL|6|NULL|New Bathroom|FairmontChateauWhistler
29879958|2019-08-04 07:20:43.790|2019-08-04 07:20:43.790|0|29879959|5|0|0|https://media.iceportal.com/73674/photos/62700999_L.jpg|29879959|2019-08-04 07:20:43.790|2019-08-04 07:20:43.790|0|DERBY|NULL|14|NULL|Beausejour|FairmontChateauWhistler
29879959|2019-08-04 07:20:43.790|2019-08-04 07:20:43.790|0|29879960|5|0|0|https://media.iceportal.com/73674/photos/62700603_L.jpg|29879960|2019-08-04 07:20:43.790|2019-08-04 07:20:43.790|0|DERBY|NULL|18|NULL|Farmers Market|FairmontChateauWhistler
29879960|2019-08-04 07:20:43.807|2019-08-04 07:20:43.807|0|29879961|5|0|0|https://media.iceportal.com/73674/photos/62709065_L.jpg|29879961|2019-08-04 07:20:43.807|2019-08-04 07:20:43.807|0|DERBY|NULL|11|NULL|Mallard Patio|FairmontChateauWhistler
29879961|2019-08-04 07:20:43.807|2019-08-04 07:20:43.807|0|29879962|5|0|0|https://media.iceportal.com/73674/photos/63088894_L.jpg|29879962|2019-08-04 07:20:43.807|2019-08-04 07:20:43.807|0|DERBY|NULL|14|NULL|Frontenac|FairmontChateauWhistler
29879962|2019-08-04 07:20:43.807|2019-08-04 07:20:43.807|0|29879963|5|0|0|https://media.iceportal.com/73674/photos/63090933_L.jpg|29879963|2019-08-04 07:20:43.807|2019-08-04 07:20:43.807|0|DERBY|NULL|18|NULL|Lost Lake Run|FairmontChateauWhistler
29879963|2019-08-04 07:20:43.807|2019-08-04 07:20:43.807|0|29879964|5|0|0|https://media.iceportal.com/73674/photos/62700087_L.jpg|29879964|2019-08-04 07:20:43.807|2019-08-04 07:20:43.807|0|DERBY|NULL|14|NULL|Empress|FairmontChateauWhistler
29879964|2019-08-04 07:20:43.807|2019-08-04 07:20:43.807|0|29879965|5|0|0|https://media.iceportal.com/73674/photos/62796316_L.jpg|29879965|2019-08-04 07:20:43.807|2019-08-04 07:20:43.807|0|DERBY|NULL|6|NULL|Fairmont Gold King|FairmontChateauWhistler
29879965|2019-08-04 07:20:43.807|2019-08-04 07:20:43.807|0|29879966|5|0|0|https://media.iceportal.com/73674/photos/62709695_L.jpg|29879966|2019-08-04 07:20:43.807|2019-08-04 07:20:43.807|0|DERBY|NULL|15|NULL|Golf Course|FairmontChateauWhistler
29879966|2019-08-04 07:20:43.820|2019-08-04 07:20:43.820|0|29879967|5|0|0|https://media.iceportal.com/73674/photos/63218240_L.jpg|29879967|2019-08-04 07:20:43.820|2019-08-04 07:20:43.820|0|DERBY|NULL|4|NULL|The Chalet|FairmontChateauWhistler
29879967|2019-08-04 07:20:43.820|2019-08-04 07:20:43.820|0|29879968|5|0|0|https://media.iceportal.com/73674/photos/62770615_L.jpg|29879968|2019-08-04 07:20:43.820|2019-08-04 07:20:43.820|0|DERBY|NULL|1|NULL|Fairmont Chateau Whistler Summer|FairmontChateauWhistler
29879968|2019-08-04 07:20:43.820|2019-08-04 07:20:43.820|0|29879969|5|0|0|https://media.iceportal.com/73674/photos/62709467_L.jpg|29879969|2019-08-04 07:20:43.820|2019-08-04 07:20:43.820|0|DERBY|NULL|15|NULL|Golf Club Terrace|FairmontChateauWhistler
29879969|2019-08-04 07:20:43.820|2019-08-04 07:20:43.820|0|29879970|5|0|0|https://media.iceportal.com/73674/photos/63204321_L.jpg|29879970|2019-08-04 07:20:43.820|2019-08-04 07:20:43.820|0|DERBY|NULL|4|NULL|Portobello|FairmontChateauWhistler
29879970|2019-08-04 07:20:43.820|2019-08-04 07:20:43.820|0|29879971|5|0|0|https://media.iceportal.com/73674/photos/63204331_L.jpg|29879971|2019-08-04 07:20:43.820|2019-08-04 07:20:43.820|0|DERBY|NULL|4|NULL|Portobello|FairmontChateauWhistler
29879971|2019-08-04 07:20:43.837|2019-08-04 07:20:43.837|0|29879972|5|0|0|https://media.iceportal.com/73674/photos/62798992_L.jpg|29879972|2019-08-04 07:20:43.820|2019-08-04 07:20:43.820|0|DERBY|NULL|3|NULL|Fitness Centre|FairmontChateauWhistler
29879972|2019-08-04 07:20:43.837|2019-08-04 07:20:43.837|0|29879973|5|0|0|https://media.iceportal.com/73674/photos/62798241_L.jpg|29879973|2019-08-04 07:20:43.837|2019-08-04 07:20:43.837|0|DERBY|NULL|3|NULL|Interior Pool|FairmontChateauWhistler
29879973|2019-08-04 07:20:43.837|2019-08-04 07:20:43.837|0|29879974|5|0|0|https://media.iceportal.com/73674/photos/63204373_L.jpg|29879974|2019-08-04 07:20:43.837|2019-08-04 07:20:43.837|0|DERBY|NULL|4|NULL|The Grill Room|FairmontChateauWhistler
29879974|2019-08-04 07:20:43.837|2019-08-04 07:20:43.837|0|29879975|5|0|0|https://media.iceportal.com/73674/photos/62701587_L.jpg|29879975|2019-08-04 07:20:43.837|2019-08-04 07:20:43.837|0|DERBY|NULL|14|NULL|Tremblant|FairmontChateauWhistler
29879975|2019-08-04 07:20:43.837|2019-08-04 07:20:43.837|0|29879976|5|0|0|https://media.iceportal.com/73674/photos/63099269_L.jpg|29879976|2019-08-04 07:20:43.837|2019-08-04 07:20:43.837|0|DERBY|NULL|4|NULL|Pastry Chef|FairmontChateauWhistler
29879976|2019-08-04 07:20:43.837|2019-08-04 07:20:43.837|0|29879977|5|0|0|https://media.iceportal.com/73674/photos/63204379_L.jpg|29879977|2019-08-04 07:20:43.837|2019-08-04 07:20:43.837|0|DERBY|NULL|4|NULL|Executive Chef|FairmontChateauWhistler
29879977|2019-08-04 07:20:43.853|2019-08-04 07:20:43.853|0|29879978|5|0|0|https://media.iceportal.com/73674/photos/65261393_L.jpg|29879978|2019-08-04 07:20:43.837|2019-08-04 07:20:43.837|0|DERBY|NULL|6|NULL|Two Bedroom Junior Suite|FairmontChateauWhistler
29879978|2019-08-04 07:20:43.853|2019-08-04 07:20:43.853|0|29879979|5|0|0|https://media.iceportal.com/73674/photos/63472990_L.jpg|29879979|2019-08-04 07:20:43.853|2019-08-04 07:20:43.853|0|DERBY|NULL|11|NULL|Mallard Lounge Fire Pits|FairmontChateauWhistler
29879979|2019-08-04 07:20:43.853|2019-08-04 07:20:43.853|0|29879980|5|0|0|https://media.iceportal.com/73674/photos/63206665_L.jpg|29879980|2019-08-04 07:20:43.853|2019-08-04 07:20:43.853|0|DERBY|NULL|4|NULL|The Wildflower|FairmontChateauWhistler
29879980|2019-08-04 07:20:43.853|2019-08-04 07:20:43.853|0|29879981|5|0|0|https://media.iceportal.com/73674/photos/63204345_L.jpg|29879981|2019-08-04 07:20:43.853|2019-08-04 07:20:43.853|0|DERBY|NULL|4|NULL|Portobello|FairmontChateauWhistler
29879981|2019-08-04 07:20:43.853|2019-08-04 07:20:43.853|0|29879982|5|0|0|https://media.iceportal.com/73674/photos/63204307_L.jpg|29879982|2019-08-04 07:20:43.853|2019-08-04 07:20:43.853|0|DERBY|NULL|4|NULL|Banquet Appetizer|FairmontChateauWhistler
29879982|2019-08-04 07:20:43.853|2019-08-04 07:20:43.853|0|29879983|5|0|0|https://media.iceportal.com/73674/photos/62700439_L.jpg|29879983|2019-08-04 07:20:43.853|2019-08-04 07:20:43.853|0|DERBY|NULL|18|NULL|Bocce Ball|FairmontChateauWhistler
29879983|2019-08-04 07:20:43.867|2019-08-04 07:20:43.867|0|29879984|5|0|0|https://media.iceportal.com/73674/photos/62794432_L.jpg|29879984|2019-08-04 07:20:43.853|2019-08-04 07:20:43.853|0|DERBY|NULL|9|NULL|Penthouse Suite|FairmontChateauWhistler
29879984|2019-08-04 07:20:43.867|2019-08-04 07:20:43.867|0|29879985|5|0|0|https://media.iceportal.com/73674/photos/63204309_L.jpg|29879985|2019-08-04 07:20:43.867|2019-08-04 07:20:43.867|0|DERBY|NULL|4|NULL|The Clubhouse|FairmontChateauWhistler
29879985|2019-08-04 07:20:43.867|2019-08-04 07:20:43.867|0|29879986|5|0|0|https://media.iceportal.com/73674/photos/63206559_L.jpg|29879986|2019-08-04 07:20:43.867|2019-08-04 07:20:43.867|0|DERBY|NULL|4|NULL|The Wildflower|FairmontChateauWhistler
29879986|2019-08-04 07:20:43.867|2019-08-04 07:20:43.867|0|29879987|5|0|0|https://media.iceportal.com/73674/photos/62701437_L.jpg|29879987|2019-08-04 07:20:43.867|2019-08-04 07:20:43.867|0|DERBY|NULL|14|NULL|Macdonald Set up|FairmontChateauWhistler
29879987|2019-08-04 07:20:43.867|2019-08-04 07:20:43.867|0|29879988|5|0|0|https://media.iceportal.com/73674/photos/63090443_L.jpg|29879988|2019-08-04 07:20:43.867|2019-08-04 07:20:43.867|0|DERBY|NULL|2|NULL|Guest Corridor|FairmontChateauWhistler
29879988|2019-08-04 07:20:43.867|2019-08-04 07:20:43.867|0|29879989|5|0|0|https://media.iceportal.com/73674/photos/4295065_L.jpg|29879989|2019-08-04 07:20:43.867|2019-08-04 07:20:43.867|0|DERBY|NULL|9|NULL|Alpine Suite|FairmontChateauWhistler
29879989|2019-08-04 07:20:43.867|2019-08-04 07:20:43.867|0|29879990|5|0|0|https://media.iceportal.com/73674/photos/62700517_L.jpg|29879990|2019-08-04 07:20:43.867|2019-08-04 07:20:43.867|0|DERBY|NULL|18|NULL|Farmers Market|FairmontChateauWhistler
29879990|2019-08-04 07:20:43.883|2019-08-04 07:20:43.883|0|29879991|5|0|0|https://media.iceportal.com/73674/photos/62770601_L.jpg|29879991|2019-08-04 07:20:43.883|2019-08-04 07:20:43.883|0|DERBY|NULL|1|NULL|Chateau Whistler Exterior Winter|FairmontChateauWhistler
29879991|2019-08-04 07:20:43.883|2019-08-04 07:20:43.883|0|29879992|5|0|0|https://media.iceportal.com/73674/photos/63204333_L.jpg|29879992|2019-08-04 07:20:43.883|2019-08-04 07:20:43.883|0|DERBY|NULL|4|NULL|Portobello|FairmontChateauWhistler
29879992|2019-08-04 07:20:43.883|2019-08-04 07:20:43.883|0|29879993|5|0|0|https://media.iceportal.com/73674/photos/62795339_L.jpg|29879993|2019-08-04 07:20:43.883|2019-08-04 07:20:43.883|0|DERBY|NULL|6|NULL|Deluxe Slopeside|FairmontChateauWhistler
29879993|2019-08-04 07:20:43.883|2019-08-04 07:20:43.883|0|29879994|5|0|0|https://media.iceportal.com/73674/photos/63204393_L.jpg|29879994|2019-08-04 07:20:43.883|2019-08-04 07:20:43.883|0|DERBY|NULL|4|NULL|The Wildflower|FairmontChateauWhistler
29879994|2019-08-04 07:20:43.883|2019-08-04 07:20:43.883|0|29879995|5|0|0|https://media.iceportal.com/73674/photos/63204353_L.jpg|29879995|2019-08-04 07:20:43.883|2019-08-04 07:20:43.883|0|DERBY|NULL|4|NULL|Portobello|FairmontChateauWhistler
29879995|2019-08-04 07:20:43.883|2019-08-04 07:20:43.883|0|29879996|5|0|0|https://media.iceportal.com/73674/photos/63206545_L.jpg|29879996|2019-08-04 07:20:43.883|2019-08-04 07:20:43.883|0|DERBY|NULL|4|NULL|The Wildflower|FairmontChateauWhistler
29879996|2019-08-04 07:20:43.900|2019-08-04 07:20:43.900|0|29879997|5|0|0|https://media.iceportal.com/73674/photos/63206541_L.jpg|29879997|2019-08-04 07:20:43.883|2019-08-04 07:20:43.883|0|DERBY|NULL|4|NULL|The Wildflower|FairmontChateauWhistler
29879997|2019-08-04 07:20:43.900|2019-08-04 07:20:43.900|0|29879998|5|0|0|https://media.iceportal.com/73674/photos/63204301_L.jpg|29879998|2019-08-04 07:20:43.900|2019-08-04 07:20:43.900|0|DERBY|NULL|4|NULL|Restaurant|FairmontChateauWhistler
29879998|2019-08-04 07:20:43.900|2019-08-04 07:20:43.900|0|29879999|5|0|0|https://media.iceportal.com/73674/photos/62797076_L.jpg|29879999|2019-08-04 07:20:43.900|2019-08-04 07:20:43.900|0|DERBY|NULL|12|NULL|Macdonald Ballroom|FairmontChateauWhistler
29879999|2019-08-04 07:20:43.900|2019-08-04 07:20:43.900|0|29880000|5|0|0|https://media.iceportal.com/73674/photos/62700711_L.jpg|29880000|2019-08-04 07:20:43.900|2019-08-04 07:20:43.900|0|DERBY|NULL|11|NULL|Mallard Bar|FairmontChateauWhistler
29880000|2019-08-04 07:20:43.900|2019-08-04 07:20:43.900|0|29880001|5|0|0|https://media.iceportal.com/73674/photos/62794498_L.jpg|29880001|2019-08-04 07:20:43.900|2019-08-04 07:20:43.900|0|DERBY|NULL|6|NULL|Fairmont Queen Queen Room|FairmontChateauWhistler
29880001|2019-08-04 07:20:43.900|2019-08-04 07:20:43.900|0|29880002|5|0|0|https://media.iceportal.com/73674/photos/63204385_L.jpg|29880002|2019-08-04 07:20:43.900|2019-08-04 07:20:43.900|0|DERBY|NULL|4|NULL|The Grill Room|FairmontChateauWhistler
29880002|2019-08-04 07:20:43.900|2019-08-04 07:20:43.900|0|29880003|5|0|0|https://media.iceportal.com/73674/photos/63088818_L.jpg|29880003|2019-08-04 07:20:43.900|2019-08-04 07:20:43.900|0|DERBY|NULL|18|NULL|Mallard Terrace Winter|FairmontChateauWhistler
29880003|2019-08-04 07:20:43.913|2019-08-04 07:20:43.913|0|29880004|5|0|0|https://media.iceportal.com/73674/photos/62700353_L.jpg|29880004|2019-08-04 07:20:43.913|2019-08-04 07:20:43.913|0|DERBY|NULL|14|NULL|Macdonald Foyer|FairmontChateauWhistler
29880004|2019-08-04 07:20:43.913|2019-08-04 07:20:43.913|0|29880005|5|0|0|https://media.iceportal.com/73674/photos/65262405_L.jpg|29880005|2019-08-04 07:20:43.913|2019-08-04 07:20:43.913|0|DERBY|NULL|6|NULL|Two Bedroom VAlley View Suite Living Room|FairmontChateauWhistler
29880005|2019-08-04 07:20:43.913|2019-08-04 07:20:43.913|0|29880006|5|0|0|https://media.iceportal.com/73674/photos/62700137_L.jpg|29880006|2019-08-04 07:20:43.913|2019-08-04 07:20:43.913|0|DERBY|NULL|11|NULL|Lombard|FairmontChateauWhistler
29880006|2019-08-04 07:20:43.913|2019-08-04 07:20:43.913|0|29880007|5|0|0|https://media.iceportal.com/73674/photos/63099169_L.jpg|29880007|2019-08-04 07:20:43.913|2019-08-04 07:20:43.913|0|DERBY|NULL|2|NULL|Lobby|FairmontChateauWhistler
29880007|2019-08-04 07:20:43.913|2019-08-04 07:20:43.913|0|29880008|5|0|0|https://media.iceportal.com/73674/photos/63205461_L.jpg|29880008|2019-08-04 07:20:43.913|2019-08-04 07:20:43.913|0|DERBY|NULL|4|NULL|The Wildflower|FairmontChateauWhistler
29880008|2019-08-04 07:20:43.913|2019-08-04 07:20:43.913|0|29880009|5|0|0|https://media.iceportal.com/73674/photos/63090031_L.jpg|29880009|2019-08-04 07:20:43.913|2019-08-04 07:20:43.913|0|DERBY|NULL|2|NULL|Lobby|FairmontChateauWhistler
29880009|2019-08-04 07:20:43.930|2019-08-04 07:20:43.930|0|29880010|5|0|0|https://media.iceportal.com/73674/photos/63206551_L.jpg|29880010|2019-08-04 07:20:43.913|2019-08-04 07:20:43.913|0|DERBY|NULL|4|NULL|The Wildflower|FairmontChateauWhistler
29880010|2019-08-04 07:20:43.930|2019-08-04 07:20:43.930|0|29880011|5|0|0|https://media.iceportal.com/73674/photos/63206557_L.jpg|29880011|2019-08-04 07:20:43.930|2019-08-04 07:20:43.930|0|DERBY|NULL|4|NULL|The Wildflower|FairmontChateauWhistler
29880011|2019-08-04 07:20:43.930|2019-08-04 07:20:43.930|0|29880012|5|0|0|https://media.iceportal.com/73674/photos/65262491_L.jpg|29880012|2019-08-04 07:20:43.930|2019-08-04 07:20:43.930|0|DERBY|NULL|6|NULL|Gold Junior Suite|FairmontChateauWhistler
29880012|2019-08-04 07:20:43.930|2019-08-04 07:20:43.930|0|29880013|5|0|0|https://media.iceportal.com/73674/photos/63090013_L.jpg|29880013|2019-08-04 07:20:43.930|2019-08-04 07:20:43.930|0|DERBY|NULL|4|NULL|Portobello Lunch|FairmontChateauWhistler
29880013|2019-08-04 07:20:43.930|2019-08-04 07:20:43.930|0|29880014|5|0|0|https://media.iceportal.com/73674/photos/63204339_L.jpg|29880014|2019-08-04 07:20:43.930|2019-08-04 07:20:43.930|0|DERBY|NULL|4|NULL|Portobello|FairmontChateauWhistler
29880014|2019-08-04 07:20:43.930|2019-08-04 07:20:43.930|0|29880015|5|0|0|https://media.iceportal.com/73674/photos/63204359_L.jpg|29880015|2019-08-04 07:20:43.930|2019-08-04 07:20:43.930|0|DERBY|NULL|4|NULL|Portobello|FairmontChateauWhistler
29880015|2019-08-04 07:20:43.930|2019-08-04 07:20:43.930|0|29880016|5|0|0|https://media.iceportal.com/73674/photos/62709851_L.jpg|29880016|2019-08-04 07:20:43.930|2019-08-04 07:20:43.930|0|DERBY|NULL|11|NULL|Mallard Lounge|FairmontChateauWhistler
29880016|2019-08-04 07:20:43.947|2019-08-04 07:20:43.947|0|29880017|5|0|0|https://media.iceportal.com/73674/photos/63099379_L.jpg|29880017|2019-08-04 07:20:43.947|2019-08-04 07:20:43.947|0|DERBY|NULL|4|NULL|Pastry Desserts|FairmontChateauWhistler
29880017|2019-08-04 07:20:43.947|2019-08-04 07:20:43.947|0|29880018|5|0|0|https://media.iceportal.com/73674/photos/62798072_L.jpg|29880018|2019-08-04 07:20:43.947|2019-08-04 07:20:43.947|0|DERBY|NULL|7|NULL|Outdoor Pool Terrace|FairmontChateauWhistler
29880018|2019-08-04 07:20:43.947|2019-08-04 07:20:43.947|0|29880019|5|0|0|https://media.iceportal.com/73674/photos/62700205_L.jpg|29880019|2019-08-04 07:20:43.947|2019-08-04 07:20:43.947|0|DERBY|NULL|14|NULL|Banquet Details|FairmontChateauWhistler
29880019|2019-08-04 07:20:43.947|2019-08-04 07:20:43.947|0|29880020|5|0|0|https://media.iceportal.com/73674/photos/62700383_L.jpg|29880020|2019-08-04 07:20:43.947|2019-08-04 07:20:43.947|0|DERBY|NULL|14|NULL|Macdonald|FairmontChateauWhistler
29880020|2019-08-04 07:20:43.947|2019-08-04 07:20:43.947|0|29880021|5|0|0|https://media.iceportal.com/73674/photos/62798656_L.jpg|29880021|2019-08-04 07:20:43.947|2019-08-04 07:20:43.947|0|DERBY|NULL|1|NULL|Croquet Lawn Event|FairmontChateauWhistler
29880021|2019-08-04 07:20:43.947|2019-08-04 07:20:43.947|0|29880022|5|0|0|https://media.iceportal.com/73674/photos/63206555_L.jpg|29880022|2019-08-04 07:20:43.947|2019-08-04 07:20:43.947|0|DERBY|NULL|1|NULL|Exterior View Fairmont Chateau Whistler CWR|FairmontChateauWhistler
29880022|2019-08-04 07:20:43.960|2019-08-04 07:20:43.960|0|29880023|5|0|0|https://media.iceportal.com/73674/photos/62700437_L.jpg|29880023|2019-08-04 07:20:43.947|2019-08-04 07:20:43.947|0|DERBY|NULL|11|NULL|Mallard Patio|FairmontChateauWhistler
29880023|2019-08-04 07:20:43.960|2019-08-04 07:20:43.960|0|29880024|5|0|0|https://media.iceportal.com/73674/photos/63204341_L.jpg|29880024|2019-08-04 07:20:43.960|2019-08-04 07:20:43.960|0|DERBY|NULL|4|NULL|Portobello|FairmontChateauWhistler
29880024|2019-08-04 07:20:43.960|2019-08-04 07:20:43.960|0|29880025|5|0|0|https://media.iceportal.com/73674/photos/62797042_L.jpg|29880025|2019-08-04 07:20:43.960|2019-08-04 07:20:43.960|0|DERBY|NULL|12|NULL|Frontenac Foyer|FairmontChateauWhistler
29880025|2019-08-04 07:20:43.960|2019-08-04 07:20:43.960|0|29880026|5|0|0|https://media.iceportal.com/73674/photos/62700807_L.jpg|29880026|2019-08-04 07:20:43.960|2019-08-04 07:20:43.960|0|DERBY|NULL|11|NULL|Mallard Bar|FairmontChateauWhistler
29880026|2019-08-04 07:20:43.960|2019-08-04 07:20:43.960|0|29880027|5|0|0|https://media.iceportal.com/73674/photos/63204347_L.jpg|29880027|2019-08-04 07:20:43.960|2019-08-04 07:20:43.960|0|DERBY|NULL|4|NULL|Portobello|FairmontChateauWhistler
29880027|2019-08-04 07:20:43.960|2019-08-04 07:20:43.960|0|29880028|5|0|0|https://media.iceportal.com/73674/photos/63218242_L.jpg|29880028|2019-08-04 07:20:43.960|2019-08-04 07:20:43.960|0|DERBY|NULL|4|NULL|The Chalet|FairmontChateauWhistler
29880028|2019-08-04 07:20:43.977|2019-08-04 07:20:43.977|0|29880029|5|0|0|https://media.iceportal.com/73674/photos/63218248_L.jpg|29880029|2019-08-04 07:20:43.977|2019-08-04 07:20:43.977|0|DERBY|NULL|4|NULL|The Chalet|FairmontChateauWhistler
29880029|2019-08-04 07:20:43.977|2019-08-04 07:20:43.977|0|29880030|5|0|0|https://media.iceportal.com/73674/photos/62709333_L.jpg|29880030|2019-08-04 07:20:43.977|2019-08-04 07:20:43.977|0|DERBY|NULL|11|NULL|Mallard Patio|FairmontChateauWhistler
29880030|2019-08-04 07:20:43.977|2019-08-04 07:20:43.977|0|29880031|5|0|0|https://media.iceportal.com/73674/photos/63204337_L.jpg|29880031|2019-08-04 07:20:43.977|2019-08-04 07:20:43.977|0|DERBY|NULL|4|NULL|Portobello|FairmontChateauWhistler
29880031|2019-08-04 07:20:43.977|2019-08-04 07:20:43.977|0|29880032|5|0|0|https://media.iceportal.com/73674/photos/63205465_L.jpg|29880032|2019-08-04 07:20:43.977|2019-08-04 07:20:43.977|0|DERBY|NULL|4|NULL|Portobello|FairmontChateauWhistler
29880032|2019-08-04 07:20:43.977|2019-08-04 07:20:43.977|0|29880033|5|0|0|https://media.iceportal.com/73674/photos/63206533_L.jpg|29880033|2019-08-04 07:20:43.977|2019-08-04 07:20:43.977|0|DERBY|NULL|4|NULL|The Wildflower|FairmontChateauWhistler
29880033|2019-08-04 07:20:43.993|2019-08-04 07:20:43.993|0|29880034|5|0|0|https://media.iceportal.com/73674/photos/63090087_L.jpg|29880034|2019-08-04 07:20:43.977|2019-08-04 07:20:43.977|0|DERBY|NULL|6|NULL|Breakfast in Bed|FairmontChateauWhistler
29880034|2019-08-04 07:20:43.993|2019-08-04 07:20:43.993|0|29880035|5|0|0|https://media.iceportal.com/73674/photos/62770603_L.jpg|29880035|2019-08-04 07:20:43.993|2019-08-04 07:20:43.993|0|DERBY|NULL|1|NULL|Chateau Whistler Winter|FairmontChateauWhistler
29880035|2019-08-04 07:20:43.993|2019-08-04 07:20:43.993|0|29880036|5|0|0|https://media.iceportal.com/73674/photos/62798890_L.jpg|29880036|2019-08-04 07:20:43.993|2019-08-04 07:20:43.993|0|DERBY|NULL|14|NULL|Event Wildflower Patio|FairmontChateauWhistler
29880036|2019-08-04 07:20:43.993|2019-08-04 07:20:43.993|0|29880037|5|0|0|https://media.iceportal.com/73674/photos/63204319_L.jpg|29880037|2019-08-04 07:20:43.993|2019-08-04 07:20:43.993|0|DERBY|NULL|4|NULL|The Wildflower|FairmontChateauWhistler
29880037|2019-08-04 07:20:43.993|2019-08-04 07:20:43.993|0|29880038|5|0|0|https://media.iceportal.com/73674/photos/62700995_L.jpg|29880038|2019-08-04 07:20:43.993|2019-08-04 07:20:43.993|0|DERBY|NULL|11|NULL|Chocolate Bar|FairmontChateauWhistler
29880038|2019-08-04 07:20:43.993|2019-08-04 07:20:43.993|0|29880039|5|0|0|https://media.iceportal.com/73674/photos/62709613_L.jpg|29880039|2019-08-04 07:20:43.993|2019-08-04 07:20:43.993|0|DERBY|NULL|15|NULL|Golf Course|FairmontChateauWhistler
29880039|2019-08-04 07:20:44.010|2019-08-04 07:20:44.010|0|29880040|5|0|0|https://media.iceportal.com/73674/photos/62797774_L.jpg|29880040|2019-08-04 07:20:43.993|2019-08-04 07:20:43.993|0|DERBY|NULL|11|NULL|Gold Lounge|FairmontChateauWhistler
29880040|2019-08-04 07:20:44.010|2019-08-04 07:20:44.010|0|29880041|5|0|0|https://media.iceportal.com/73674/photos/62700593_L.jpg|29880041|2019-08-04 07:20:44.010|2019-08-04 07:20:44.010|0|DERBY|NULL|11|NULL|Mallard Lounge|FairmontChateauWhistler
29880041|2019-08-04 07:20:44.010|2019-08-04 07:20:44.010|0|29880042|5|0|0|https://media.iceportal.com/73674/photos/63099037_L.jpg|29880042|2019-08-04 07:20:44.010|2019-08-04 07:20:44.010|0|DERBY|NULL|2|NULL|Lobby|FairmontChateauWhistler
29880042|2019-08-04 07:20:44.010|2019-08-04 07:20:44.010|0|29880043|5|0|0|https://media.iceportal.com/73674/photos/63204357_L.jpg|29880043|2019-08-04 07:20:44.010|2019-08-04 07:20:44.010|0|DERBY|NULL|4|NULL|Portobello|FairmontChateauWhistler
29880043|2019-08-04 07:20:44.010|2019-08-04 07:20:44.010|0|29880044|5|0|0|https://media.iceportal.com/73674/photos/62798752_L.jpg|29880044|2019-08-04 07:20:44.010|2019-08-04 07:20:44.010|0|DERBY|NULL|14|NULL|Event Woodlands Terrace|FairmontChateauWhistler
29880044|2019-08-04 07:20:44.010|2019-08-04 07:20:44.010|0|29880045|5|0|0|https://media.iceportal.com/73674/photos/65262483_L.jpg|29880045|2019-08-04 07:20:44.010|2019-08-04 07:20:44.010|0|DERBY|NULL|6|NULL|One Bedroom Mountain View Suite Living Room|FairmontChateauWhistler
29880045|2019-08-04 07:20:44.010|2019-08-04 07:20:44.010|0|29880046|5|0|0|https://media.iceportal.com/73674/photos/62797884_L.jpg|29880046|2019-08-04 07:20:44.010|2019-08-04 07:20:44.010|0|DERBY|NULL|14|NULL|Royal York|FairmontChateauWhistler
29880046|2019-08-04 07:20:44.023|2019-08-04 07:20:44.023|0|29880047|5|0|0|https://media.iceportal.com/73674/photos/63090503_L.jpg|29880047|2019-08-04 07:20:44.023|2019-08-04 07:20:44.023|0|DERBY|NULL|1|NULL|Back Exterior Hotel|FairmontChateauWhistler
29880047|2019-08-04 07:20:44.023|2019-08-04 07:20:44.023|0|29880048|5|0|0|https://media.iceportal.com/73674/photos/63206531_L.jpg|29880048|2019-08-04 07:20:44.023|2019-08-04 07:20:44.023|0|DERBY|NULL|4|NULL|The Wildflower CWR|FairmontChateauWhistler
29880048|2019-08-04 07:20:44.023|2019-08-04 07:20:44.023|0|29880049|5|0|0|https://media.iceportal.com/73674/photos/63204311_L.jpg|29880049|2019-08-04 07:20:44.023|2019-08-04 07:20:44.023|0|DERBY|NULL|4|NULL|The Wildflower|FairmontChateauWhistler
29880049|2019-08-04 07:20:44.023|2019-08-04 07:20:44.023|0|29880050|5|0|0|https://media.iceportal.com/73674/photos/62700631_L.jpg|29880050|2019-08-04 07:20:44.023|2019-08-04 07:20:44.023|0|DERBY|NULL|18|NULL|Farmers Market|FairmontChateauWhistler
29880050|2019-08-04 07:20:44.023|2019-08-04 07:20:44.023|0|29880051|5|0|0|https://media.iceportal.com/73674/photos/63206547_L.jpg|29880051|2019-08-04 07:20:44.023|2019-08-04 07:20:44.023|0|DERBY|NULL|4|NULL|The Wildflower|FairmontChateauWhistler
29880051|2019-08-04 07:20:44.023|2019-08-04 07:20:44.023|0|29880052|5|0|0|https://media.iceportal.com/73674/photos/62797440_L.jpg|29880052|2019-08-04 07:20:44.023|2019-08-04 07:20:44.023|0|DERBY|NULL|9|NULL|Penthouse Event|FairmontChateauWhistler
29880052|2019-08-04 07:20:44.040|2019-08-04 07:20:44.040|0|29880053|5|0|0|https://media.iceportal.com/73674/photos/63204305_L.jpg|29880053|2019-08-04 07:20:44.023|2019-08-04 07:20:44.023|0|DERBY|NULL|4|NULL|Banquet Dinner|FairmontChateauWhistler
29880053|2019-08-04 07:20:44.040|2019-08-04 07:20:44.040|0|29880054|5|0|0|https://media.iceportal.com/73674/photos/63204317_L.jpg|29880054|2019-08-04 07:20:44.040|2019-08-04 07:20:44.040|0|DERBY|NULL|4|NULL|The Wildflower|FairmontChateauWhistler
29880054|2019-08-04 07:20:44.040|2019-08-04 07:20:44.040|0|29880055|5|0|0|https://media.iceportal.com/73674/photos/63204349_L.jpg|29880055|2019-08-04 07:20:44.040|2019-08-04 07:20:44.040|0|DERBY|NULL|4|NULL|Portobello|FairmontChateauWhistler
29880055|2019-08-04 07:20:44.040|2019-08-04 07:20:44.040|0|29880056|5|0|0|https://media.iceportal.com/73674/photos/62700053_L.jpg|29880056|2019-08-04 07:20:44.040|2019-08-04 07:20:44.040|0|DERBY|NULL|14|NULL|Frontenac Foyer|FairmontChateauWhistler
29880056|2019-08-04 07:20:44.040|2019-08-04 07:20:44.040|0|29880057|5|0|0|https://media.iceportal.com/73674/photos/63204371_L.jpg|29880057|2019-08-04 07:20:44.040|2019-08-04 07:20:44.040|0|DERBY|NULL|4|NULL|The Wildflower|FairmontChateauWhistler
29880057|2019-08-04 07:20:44.040|2019-08-04 07:20:44.040|0|29880058|5|0|0|https://media.iceportal.com/73674/photos/63206539_L.jpg|29880058|2019-08-04 07:20:44.040|2019-08-04 07:20:44.040|0|DERBY|NULL|4|NULL|The Wildflower|FairmontChateauWhistler
29880058|2019-08-04 07:20:44.040|2019-08-04 07:20:44.040|0|29880059|5|0|0|https://media.iceportal.com/73674/photos/63206669_L.jpg|29880059|2019-08-04 07:20:44.040|2019-08-04 07:20:44.040|0|DERBY|NULL|25|NULL|The Wildflower Patio CWR|FairmontChateauWhistler
29880059|2019-08-04 07:20:44.057|2019-08-04 07:20:44.057|0|29880060|5|0|0|https://media.iceportal.com/73674/photos/62709091_L.jpg|29880060|2019-08-04 07:20:44.057|2019-08-04 07:20:44.057|0|DERBY|NULL|7|NULL|Pool Deck|FairmontChateauWhistler
29880060|2019-08-04 07:20:44.057|2019-08-04 07:20:44.057|0|29880061|5|0|0|https://media.iceportal.com/73674/photos/63204391_L.jpg|29880061|2019-08-04 07:20:44.057|2019-08-04 07:20:44.057|0|DERBY|NULL|4|NULL|Portobello|FairmontChateauWhistler
29880061|2019-08-04 07:20:44.057|2019-08-04 07:20:44.057|0|29880062|5|0|0|https://media.iceportal.com/73674/photos/1303014_L.jpg|29880062|2019-08-04 07:20:44.057|2019-08-04 07:20:44.057|0|DERBY|NULL|2|NULL|Great Hall Lobby|FairmontChateauWhistler
29880062|2019-08-04 07:20:44.057|2019-08-04 07:20:44.057|0|29880063|5|0|0|https://media.iceportal.com/73674/photos/65008086_L.jpg|29880063|2019-08-04 07:20:44.057|2019-08-04 07:20:44.057|0|DERBY|NULL|6|NULL|One Bedroom Valley View Suite|FairmontChateauWhistler
29880063|2019-08-04 07:20:44.057|2019-08-04 07:20:44.057|0|29880064|5|0|0|https://media.iceportal.com/73674/photos/63204351_L.jpg|29880064|2019-08-04 07:20:44.057|2019-08-04 07:20:44.057|0|DERBY|NULL|4|NULL|Portobello|FairmontChateauWhistler
29880064|2019-08-04 07:20:44.057|2019-08-04 07:20:44.057|0|29880065|5|0|0|https://media.iceportal.com/73674/photos/62709191_L.jpg|29880065|2019-08-04 07:20:44.057|2019-08-04 07:20:44.057|0|DERBY|NULL|18|NULL|Lost Lake Walk|FairmontChateauWhistler
29880065|2019-08-04 07:20:44.070|2019-08-04 07:20:44.070|0|29880066|5|0|0|https://media.iceportal.com/73674/photos/62794480_L.jpg|29880066|2019-08-04 07:20:44.057|2019-08-04 07:20:44.057|0|DERBY|NULL|18|NULL|Ski Valet Service|FairmontChateauWhistler
29880066|2019-08-04 07:20:44.070|2019-08-04 07:20:44.070|0|29880067|5|0|0|https://media.iceportal.com/73674/photos/65261391_L.jpg|29880067|2019-08-04 07:20:44.070|2019-08-04 07:20:44.070|0|DERBY|NULL|6|NULL|Premier Suite|FairmontChateauWhistler
29880067|2019-08-04 07:20:44.070|2019-08-04 07:20:44.070|0|29880068|5|0|0|https://media.iceportal.com/73674/photos/63218256_L.jpg|29880068|2019-08-04 07:20:44.070|2019-08-04 07:20:44.070|0|DERBY|NULL|4|NULL|The Chalet|FairmontChateauWhistler
29880068|2019-08-04 07:20:44.070|2019-08-04 07:20:44.070|0|29880069|5|0|0|https://media.iceportal.com/73674/photos/63099251_L.jpg|29880069|2019-08-04 07:20:44.070|2019-08-04 07:20:44.070|0|DERBY|NULL|4|NULL|Portobello Patio|FairmontChateauWhistler
29880069|2019-08-04 07:20:44.070|2019-08-04 07:20:44.070|0|29880070|5|0|0|https://media.iceportal.com/73674/photos/63090957_L.jpg|29880070|2019-08-04 07:20:44.070|2019-08-04 07:20:44.070|0|DERBY|NULL|18|NULL|Whistler Experience Guide|FairmontChateauWhistler
29880070|2019-08-04 07:20:44.070|2019-08-04 07:20:44.070|0|29880071|5|0|0|https://media.iceportal.com/73674/photos/63204343_L.jpg|29880071|2019-08-04 07:20:44.070|2019-08-04 07:20:44.070|0|DERBY|NULL|4|NULL|Portobello|FairmontChateauWhistler
29880071|2019-08-04 07:20:44.070|2019-08-04 07:20:44.070|0|29880072|5|0|0|https://media.iceportal.com/73674/photos/62709797_L.jpg|29880072|2019-08-04 07:20:44.070|2019-08-04 07:20:44.070|0|DERBY|NULL|4|NULL|Grill Room|FairmontChateauWhistler
29880072|2019-08-04 07:20:44.087|2019-08-04 07:20:44.087|0|29880073|5|0|0|https://media.iceportal.com/73674/photos/63473446_L.jpg|29880073|2019-08-04 07:20:44.087|2019-08-04 07:20:44.087|0|DERBY|NULL|4|NULL|The Chalet Winter|FairmontChateauWhistler
29880073|2019-08-04 07:20:44.087|2019-08-04 07:20:44.087|0|29880074|5|0|0|https://media.iceportal.com/73674/photos/62709279_L.jpg|29880074|2019-08-04 07:20:44.087|2019-08-04 07:20:44.087|0|DERBY|NULL|18|NULL|Hiking Outside Hotel|FairmontChateauWhistler
29880074|2019-08-04 07:20:44.087|2019-08-04 07:20:44.087|0|29880075|5|0|0|https://media.iceportal.com/73674/photos/65261305_L.jpg|29880075|2019-08-04 07:20:44.087|2019-08-04 07:20:44.087|0|DERBY|NULL|6|NULL|One Bedroom Valley View Suite King|FairmontChateauWhistler
29880075|2019-08-04 07:20:44.087|2019-08-04 07:20:44.087|0|29880076|5|0|0|https://media.iceportal.com/73674/photos/63204399_L.jpg|29880076|2019-08-04 07:20:44.087|2019-08-04 07:20:44.087|0|DERBY|NULL|4|NULL|Rooftop Garden|FairmontChateauWhistler
29880076|2019-08-04 07:20:44.087|2019-08-04 07:20:44.087|0|29880077|5|0|0|https://media.iceportal.com/73674/photos/62794594_L.jpg|29880077|2019-08-04 07:20:44.087|2019-08-04 07:20:44.087|0|DERBY|NULL|9|NULL|Alpine Suite|FairmontChateauWhistler
29880077|2019-08-04 07:20:44.087|2019-08-04 07:20:44.087|0|29880078|5|0|0|https://media.iceportal.com/73674/photos/62798121_L.jpg|29880078|2019-08-04 07:20:44.087|2019-08-04 07:20:44.087|0|DERBY|NULL|7|NULL|Cabana|FairmontChateauWhistler
29880078|2019-08-04 07:20:44.103|2019-08-04 07:20:44.103|0|29880079|5|0|0|https://media.iceportal.com/73674/photos/63204303_L.jpg|29880079|2019-08-04 07:20:44.103|2019-08-04 07:20:44.103|0|DERBY|NULL|4|NULL|Portobello|FairmontChateauWhistler
29880079|2019-08-04 07:20:44.103|2019-08-04 07:20:44.103|0|29880080|5|0|0|https://media.iceportal.com/73674/photos/63204323_L.jpg|29880080|2019-08-04 07:20:44.103|2019-08-04 07:20:44.103|0|DERBY|NULL|4|NULL|Portobello|FairmontChateauWhistler
29880080|2019-08-04 07:20:44.103|2019-08-04 07:20:44.103|0|29880081|5|0|0|https://media.iceportal.com/73674/photos/63204381_L.jpg|29880081|2019-08-04 07:20:44.103|2019-08-04 07:20:44.103|0|DERBY|NULL|4|NULL|The Chalet|FairmontChateauWhistler
29880081|2019-08-04 07:20:44.103|2019-08-04 07:20:44.103|0|29880082|5|0|0|https://media.iceportal.com/73674/photos/63206667_L.jpg|29880082|2019-08-04 07:20:44.103|2019-08-04 07:20:44.103|0|DERBY|NULL|4|NULL|The Wildflower|FairmontChateauWhistler
29880082|2019-08-04 07:20:44.103|2019-08-04 07:20:44.103|0|29880083|5|0|0|https://media.iceportal.com/73674/photos/63090947_L.jpg|29880083|2019-08-04 07:20:44.103|2019-08-04 07:20:44.103|0|DERBY|NULL|18|NULL|Garden Tour|FairmontChateauWhistler
29880083|2019-08-04 07:20:44.117|2019-08-04 07:20:44.117|0|29880084|5|0|0|https://media.iceportal.com/73674/photos/62701469_L.jpg|29880084|2019-08-04 07:20:44.103|2019-08-04 07:20:44.103|0|DERBY|NULL|14|NULL|Macdonald Foyer|FairmontChateauWhistler
29880084|2019-08-04 07:20:44.117|2019-08-04 07:20:44.117|0|29880085|5|0|0|https://media.iceportal.com/73674/photos/63205469_L.jpg|29880085|2019-08-04 07:20:44.117|2019-08-04 07:20:44.117|0|DERBY|NULL|4|NULL|Portobello|FairmontChateauWhistler
29880085|2019-08-04 07:20:44.117|2019-08-04 07:20:44.117|0|29880086|5|0|0|https://media.iceportal.com/73674/photos/65262481_L.jpg|29880086|2019-08-04 07:20:44.117|2019-08-04 07:20:44.117|0|DERBY|NULL|6|NULL|Junior Valley View Suite|FairmontChateauWhistler
29880086|2019-08-04 07:20:44.117|2019-08-04 07:20:44.117|0|29880087|5|0|0|https://media.iceportal.com/73674/photos/65261309_L.jpg|29880087|2019-08-04 07:20:44.117|2019-08-04 07:20:44.117|0|DERBY|NULL|6|NULL|Suite Bathroom|FairmontChateauWhistler
29880087|2019-08-04 07:20:44.117|2019-08-04 07:20:44.117|0|29880088|5|0|0|https://media.iceportal.com/73674/photos/63204315_L.jpg|29880088|2019-08-04 07:20:44.117|2019-08-04 07:20:44.117|0|DERBY|NULL|4|NULL|Portobello|FairmontChateauWhistler
29880088|2019-08-04 07:20:44.117|2019-08-04 07:20:44.117|0|29880089|5|0|0|https://media.iceportal.com/73674/photos/63204335_L.jpg|29880089|2019-08-04 07:20:44.117|2019-08-04 07:20:44.117|0|DERBY|NULL|4|NULL|Portobello|FairmontChateauWhistler
29880089|2019-08-04 07:20:44.133|2019-08-04 07:20:44.133|0|29880090|5|0|0|https://media.iceportal.com/73674/photos/63204397_L.jpg|29880090|2019-08-04 07:20:44.117|2019-08-04 07:20:44.117|0|DERBY|NULL|4|NULL|Executive Chef|FairmontChateauWhistler
29880090|2019-08-04 07:20:44.133|2019-08-04 07:20:44.133|0|29880091|5|0|0|https://media.iceportal.com/73674/photos/62709293_L.jpg|29880091|2019-08-04 07:20:44.133|2019-08-04 07:20:44.133|0|DERBY|NULL|6|NULL|Guest Patio View|FairmontChateauWhistler
29880091|2019-08-04 07:20:44.133|2019-08-04 07:20:44.133|0|29880092|5|0|0|https://media.iceportal.com/73674/photos/63204355_L.jpg|29880092|2019-08-04 07:20:44.133|2019-08-04 07:20:44.133|0|DERBY|NULL|4|NULL|Portobello|FairmontChateauWhistler
29880092|2019-08-04 07:20:44.133|2019-08-04 07:20:44.133|0|29880093|5|0|0|https://media.iceportal.com/73674/photos/63206549_L.jpg|29880093|2019-08-04 07:20:44.133|2019-08-04 07:20:44.133|0|DERBY|NULL|4|NULL|The Wildflower|FairmontChateauWhistler
29880093|2019-08-04 07:20:44.133|2019-08-04 07:20:44.133|0|29880094|5|0|0|https://media.iceportal.com/73674/photos/62794408_L.jpg|29880094|2019-08-04 07:20:44.133|2019-08-04 07:20:44.133|0|DERBY|NULL|9|NULL|Mountain Suite Detail|FairmontChateauWhistler
29880094|2019-08-04 07:20:44.133|2019-08-04 07:20:44.133|0|29880095|5|0|0|https://media.iceportal.com/73674/photos/62798965_L.jpg|29880095|2019-08-04 07:20:44.133|2019-08-04 07:20:44.133|0|DERBY|NULL|14|NULL|Event Woodlands Terrace Detail|FairmontChateauWhistler
29880095|2019-08-04 07:20:44.133|2019-08-04 07:20:44.133|0|29880096|5|0|0|https://media.iceportal.com/73674/photos/63204375_L.jpg|29880096|2019-08-04 07:20:44.133|2019-08-04 07:20:44.133|0|DERBY|NULL|4|NULL|Portobello|FairmontChateauWhistler
29880096|2019-08-04 07:20:44.150|2019-08-04 07:20:44.150|0|29880097|5|0|0|https://media.iceportal.com/73674/photos/65261301_L.jpg|29880097|2019-08-04 07:20:44.150|2019-08-04 07:20:44.150|0|DERBY|NULL|25|NULL|Two Bedroom Valley View Suite QQ|FairmontChateauWhistler
29880097|2019-08-04 07:20:44.150|2019-08-04 07:20:44.150|0|29880098|5|0|0|https://media.iceportal.com/73674/photos/62709669_L.jpg|29880098|2019-08-04 07:20:44.150|2019-08-04 07:20:44.150|0|DERBY|NULL|15|NULL|Golf Club Hole #7|FairmontChateauWhistler
29880098|2019-08-04 07:20:44.150|2019-08-04 07:20:44.150|0|29880099|5|0|0|https://media.iceportal.com/73674/photos/63204389_L.jpg|29880099|2019-08-04 07:20:44.150|2019-08-04 07:20:44.150|0|DERBY|NULL|14|NULL|Banquet Setup|FairmontChateauWhistler
29880099|2019-08-04 07:20:44.150|2019-08-04 07:20:44.150|0|29880100|5|0|0|https://media.iceportal.com/73674/photos/63204313_L.jpg|29880100|2019-08-04 07:20:44.150|2019-08-04 07:20:44.150|0|DERBY|NULL|4|NULL|Portobello|FairmontChateauWhistler
29880100|2019-08-04 07:20:44.150|2019-08-04 07:20:44.150|0|29880101|5|0|0|https://media.iceportal.com/73674/photos/63205467_L.jpg|29880101|2019-08-04 07:20:44.150|2019-08-04 07:20:44.150|0|DERBY|NULL|4|NULL|The Grill Room|FairmontChateauWhistler
29880886|2019-08-04 07:20:59.150|2019-08-04 07:20:59.150|0|29880887|5|0|0|https://media.iceportal.com/73668/photos/1489666_L.jpg|29880887|2019-08-04 07:20:59.150|2019-08-04 07:20:59.150|0|DERBY|NULL|17|NULL|mySPA Reception|FairmontChicagoMillenniumPark
29880887|2019-08-04 07:20:59.150|2019-08-04 07:20:59.150|0|29880888|5|0|0|https://media.iceportal.com/73668/photos/2351575_L.jpg|29880888|2019-08-04 07:20:59.150|2019-08-04 07:20:59.150|0|DERBY|NULL|4|NULL|Columbus Tap Rail|FairmontChicagoMillenniumPark
29880888|2019-08-04 07:20:59.167|2019-08-04 07:20:59.167|0|29880889|5|0|0|https://media.iceportal.com/73668/photos/62215515_L.jpg|29880889|2019-08-04 07:20:59.150|2019-08-04 07:20:59.150|0|DERBY|NULL|6|NULL|King Guestroom|FairmontChicagoMillenniumPark
29880889|2019-08-04 07:20:59.167|2019-08-04 07:20:59.167|0|29880890|5|0|0|https://media.iceportal.com/73668/photos/2351543_L.jpg|29880890|2019-08-04 07:20:59.167|2019-08-04 07:20:59.167|0|DERBY|NULL|4|NULL|Columbus Tap Millennium Margarita|FairmontChicagoMillenniumPark
29880890|2019-08-04 07:20:59.167|2019-08-04 07:20:59.167|0|29880891|5|0|0|https://media.iceportal.com/73668/photos/1890348_L.jpg|29880891|2019-08-04 07:20:59.167|2019-08-04 07:20:59.167|0|DERBY|NULL|1|NULL|CHI Exterior View|FairmontChicagoMillenniumPark
29880891|2019-08-04 07:20:59.167|2019-08-04 07:20:59.167|0|29880892|5|0|0|https://media.iceportal.com/73668/photos/62215503_L.jpg|29880892|2019-08-04 07:20:59.167|2019-08-04 07:20:59.167|0|DERBY|NULL|6|NULL|Two Double Guestroom|FairmontChicagoMillenniumPark
29880892|2019-08-04 07:20:59.167|2019-08-04 07:20:59.167|0|29880893|5|0|0|https://media.iceportal.com/73668/photos/2351551_L.jpg|29880893|2019-08-04 07:20:59.167|2019-08-04 07:20:59.167|0|DERBY|NULL|4|NULL|Columbus Tap|FairmontChicagoMillenniumPark
29880893|2019-08-04 07:20:59.167|2019-08-04 07:20:59.167|0|29880894|5|0|0|https://media.iceportal.com/73668/photos/1489658_L.jpg|29880894|2019-08-04 07:20:59.167|2019-08-04 07:20:59.167|0|DERBY|NULL|17|NULL|mySPA Reception|FairmontChicagoMillenniumPark
29880894|2019-08-04 07:20:59.167|2019-08-04 07:20:59.167|0|29880895|5|0|0|https://media.iceportal.com/73668/photos/2351589_L.jpg|29880895|2019-08-04 07:20:59.167|2019-08-04 07:20:59.167|0|DERBY|NULL|4|NULL|Columbus Tap stout|FairmontChicagoMillenniumPark
29880895|2019-08-04 07:20:59.180|2019-08-04 07:20:59.180|0|29880896|5|0|0|https://media.iceportal.com/73668/photos/1489644_L.jpg|29880896|2019-08-04 07:20:59.180|2019-08-04 07:20:59.180|0|DERBY|NULL|6|NULL|Fairmont Room|FairmontChicagoMillenniumPark
29880896|2019-08-04 07:20:59.180|2019-08-04 07:20:59.180|0|29880897|5|0|0|https://media.iceportal.com/73668/photos/62215519_L.jpg|29880897|2019-08-04 07:20:59.180|2019-08-04 07:20:59.180|0|DERBY|NULL|9|NULL|One Bedroom Suite|FairmontChicagoMillenniumPark
29880897|2019-08-04 07:20:59.180|2019-08-04 07:20:59.180|0|29880898|5|0|0|https://media.iceportal.com/73668/photos/2351559_L.jpg|29880898|2019-08-04 07:20:59.180|2019-08-04 07:20:59.180|0|DERBY|NULL|4|NULL|Columbus Tap|FairmontChicagoMillenniumPark
29880898|2019-08-04 07:20:59.180|2019-08-04 07:20:59.180|0|29880899|5|0|0|https://media.iceportal.com/73668/photos/2351573_L.jpg|29880899|2019-08-04 07:20:59.180|2019-08-04 07:20:59.180|0|DERBY|NULL|4|NULL|Columbus Tap pilsner|FairmontChicagoMillenniumPark
29880899|2019-08-04 07:20:59.180|2019-08-04 07:20:59.180|0|29880900|5|0|0|https://media.iceportal.com/73668/photos/2351553_L.jpg|29880900|2019-08-04 07:20:59.180|2019-08-04 07:20:59.180|0|DERBY|NULL|4|NULL|Columbus Tap|FairmontChicagoMillenniumPark
29880900|2019-08-04 07:20:59.180|2019-08-04 07:20:59.180|0|29880901|5|0|0|https://media.iceportal.com/73668/photos/2351563_L.jpg|29880901|2019-08-04 07:20:59.180|2019-08-04 07:20:59.180|0|DERBY|NULL|4|NULL|Millennium Room|FairmontChicagoMillenniumPark
29880901|2019-08-04 07:20:59.197|2019-08-04 07:20:59.197|0|29880902|5|0|0|https://media.iceportal.com/73668/photos/2351571_L.jpg|29880902|2019-08-04 07:20:59.180|2019-08-04 07:20:59.180|0|DERBY|NULL|4|NULL|Columbus Tap hamburger|FairmontChicagoMillenniumPark
29880902|2019-08-04 07:20:59.197|2019-08-04 07:20:59.197|0|29880903|5|0|0|https://media.iceportal.com/73668/photos/2351557_L.jpg|29880903|2019-08-04 07:20:59.197|2019-08-04 07:20:59.197|0|DERBY|NULL|4|NULL|Columbus Tap Citrus and Smoke Cockta|FairmontChicagoMillenniumPark
29880903|2019-08-04 07:20:59.197|2019-08-04 07:20:59.197|0|29880904|5|0|0|https://media.iceportal.com/73668/photos/2351561_L.jpg|29880904|2019-08-04 07:20:59.197|2019-08-04 07:20:59.197|0|DERBY|NULL|4|NULL|Millennium Room Midwest Breakfast|FairmontChicagoMillenniumPark
29880904|2019-08-04 07:20:59.197|2019-08-04 07:20:59.197|0|29880905|5|0|0|https://media.iceportal.com/73668/photos/1489650_L.jpg|29880905|2019-08-04 07:20:59.197|2019-08-04 07:20:59.197|0|DERBY|NULL|17|NULL|Duet Suite|FairmontChicagoMillenniumPark
29880905|2019-08-04 07:20:59.197|2019-08-04 07:20:59.197|0|29880906|5|0|0|https://media.iceportal.com/73668/photos/2351567_L.jpg|29880906|2019-08-04 07:20:59.197|2019-08-04 07:20:59.197|0|DERBY|NULL|4|NULL|Columbus Tap ale|FairmontChicagoMillenniumPark
29880906|2019-08-04 07:20:59.197|2019-08-04 07:20:59.197|0|29880907|5|0|0|https://media.iceportal.com/73668/photos/2351579_L.jpg|29880907|2019-08-04 07:20:59.197|2019-08-04 07:20:59.197|0|DERBY|NULL|4|NULL|Columbus Tap ham hocks|FairmontChicagoMillenniumPark
29880907|2019-08-04 07:20:59.197|2019-08-04 07:20:59.197|0|29880908|5|0|0|https://media.iceportal.com/73668/photos/2351577_L.jpg|29880908|2019-08-04 07:20:59.197|2019-08-04 07:20:59.197|0|DERBY|NULL|4|NULL|Columbus Tap porchetta|FairmontChicagoMillenniumPark
29880908|2019-08-04 07:20:59.213|2019-08-04 07:20:59.213|0|29880909|5|0|0|https://media.iceportal.com/73668/photos/2351555_L.jpg|29880909|2019-08-04 07:20:59.197|2019-08-04 07:20:59.197|0|DERBY|NULL|4|NULL|Columbus Tap|FairmontChicagoMillenniumPark
29880909|2019-08-04 07:20:59.213|2019-08-04 07:20:59.213|0|29880910|5|0|0|https://media.iceportal.com/73668/photos/2351569_L.jpg|29880910|2019-08-04 07:20:59.213|2019-08-04 07:20:59.213|0|DERBY|NULL|4|NULL|Columbus Tap ale|FairmontChicagoMillenniumPark
29880910|2019-08-04 07:20:59.213|2019-08-04 07:20:59.213|0|29880911|5|0|0|https://media.iceportal.com/73668/photos/1489654_L.jpg|29880911|2019-08-04 07:20:59.213|2019-08-04 07:20:59.213|0|DERBY|NULL|11|NULL|Gold Lounge|FairmontChicagoMillenniumPark
29880911|2019-08-04 07:20:59.213|2019-08-04 07:20:59.213|0|29880912|5|0|0|https://media.iceportal.com/73668/photos/62215517_L.jpg|29880912|2019-08-04 07:20:59.213|2019-08-04 07:20:59.213|0|DERBY|NULL|6|NULL|King Guestroom|FairmontChicagoMillenniumPark
29880912|2019-08-04 07:20:59.213|2019-08-04 07:20:59.213|0|29880913|5|0|0|https://media.iceportal.com/73668/photos/2351587_L.jpg|29880913|2019-08-04 07:20:59.213|2019-08-04 07:20:59.213|0|DERBY|NULL|4|NULL|Columbus Tap Rotisserie Chicken|FairmontChicagoMillenniumPark
29880913|2019-08-04 07:20:59.213|2019-08-04 07:20:59.213|0|29880914|5|0|0|https://media.iceportal.com/73668/photos/2351545_L.jpg|29880914|2019-08-04 07:20:59.213|2019-08-04 07:20:59.213|0|DERBY|NULL|4|NULL|Columbus Tap Pea Salad|FairmontChicagoMillenniumPark
29880914|2019-08-04 07:20:59.213|2019-08-04 07:20:59.213|0|29880915|5|0|0|https://media.iceportal.com/73668/photos/1489640_L.jpg|29880915|2019-08-04 07:20:59.213|2019-08-04 07:20:59.213|0|DERBY|NULL|2|NULL|Front Desk Light Wall|FairmontChicagoMillenniumPark
29880915|2019-08-04 07:20:59.227|2019-08-04 07:20:59.227|0|29880916|5|0|0|https://media.iceportal.com/73668/photos/2351565_L.jpg|29880916|2019-08-04 07:20:59.227|2019-08-04 07:20:59.227|0|DERBY|NULL|4|NULL|Millennium Room|FairmontChicagoMillenniumPark
29881419|2019-08-04 07:21:11.447|2019-08-04 07:21:11.447|0|29881420|5|0|0|https://media.iceportal.com/73675/photos/2251904_L.jpg|29881420|2019-08-04 07:21:11.430|2019-08-04 07:21:11.430|0|DERBY|NULL|14|NULL|Technology Room|FairmontDallas
29881420|2019-08-04 07:21:11.447|2019-08-04 07:21:11.447|0|29881421|5|0|0|https://media.iceportal.com/73675/photos/1480780_L.jpg|29881421|2019-08-04 07:21:11.447|2019-08-04 07:21:11.447|0|DERBY|NULL|11|NULL|Pyramid Bar|FairmontDallas
29881421|2019-08-04 07:21:11.447|2019-08-04 07:21:11.447|0|29881422|5|0|0|https://media.iceportal.com/73675/photos/2251998_L.jpg|29881422|2019-08-04 07:21:11.447|2019-08-04 07:21:11.447|0|DERBY|NULL|14|NULL|Meeting Crescent Rounds|FairmontDallas
29881422|2019-08-04 07:21:11.447|2019-08-04 07:21:11.447|0|29881423|5|0|0|https://media.iceportal.com/73675/photos/64366755_L.jpg|29881423|2019-08-04 07:21:11.447|2019-08-04 07:21:11.447|0|DERBY|NULL|6|NULL|Presidential suite living 4|FairmontDallas
29881423|2019-08-04 07:21:11.447|2019-08-04 07:21:11.447|0|29881424|5|0|0|https://media.iceportal.com/73675/photos/64366741_L.jpg|29881424|2019-08-04 07:21:11.447|2019-08-04 07:21:11.447|0|DERBY|NULL|6|NULL|Presidential suite living 2|FairmontDallas
29881424|2019-08-04 07:21:11.463|2019-08-04 07:21:11.463|0|29881425|5|0|0|https://media.iceportal.com/73675/photos/64458536_L.jpg|29881425|2019-08-04 07:21:11.447|2019-08-04 07:21:11.447|0|DERBY|NULL|9|NULL|DAL VPresidential suite living 2|FairmontDallas
29881425|2019-08-04 07:21:11.463|2019-08-04 07:21:11.463|0|29881426|5|0|0|https://media.iceportal.com/73675/photos/64458514_L.jpg|29881426|2019-08-04 07:21:11.463|2019-08-04 07:21:11.463|0|DERBY|NULL|9|NULL|Presidential suite bathroom|FairmontDallas
29881426|2019-08-04 07:21:11.463|2019-08-04 07:21:11.463|0|29881427|5|0|0|https://media.iceportal.com/73675/photos/2251978_L.jpg|29881427|2019-08-04 07:21:11.463|2019-08-04 07:21:11.463|0|DERBY|NULL|12|NULL|Ballroom Social Lounge|FairmontDallas
29881427|2019-08-04 07:21:11.463|2019-08-04 07:21:11.463|0|29881428|5|0|0|https://media.iceportal.com/73675/photos/64366743_L.jpg|29881428|2019-08-04 07:21:11.463|2019-08-04 07:21:11.463|0|DERBY|NULL|6|NULL|Presidential suite living 3|FairmontDallas
29881428|2019-08-04 07:21:11.463|2019-08-04 07:21:11.463|0|29881429|5|0|0|https://media.iceportal.com/73675/photos/64458522_L.jpg|29881429|2019-08-04 07:21:11.463|2019-08-04 07:21:11.463|0|DERBY|NULL|9|NULL|Presidential suite bedroom 3|FairmontDallas
29881429|2019-08-04 07:21:11.463|2019-08-04 07:21:11.463|0|29881430|5|0|0|https://media.iceportal.com/73675/photos/64458524_L.jpg|29881430|2019-08-04 07:21:11.463|2019-08-04 07:21:11.463|0|DERBY|NULL|9|NULL|Presidential suite living 1|FairmontDallas
29881430|2019-08-04 07:21:11.477|2019-08-04 07:21:11.477|0|29881431|5|0|0|https://media.iceportal.com/73675/photos/64458538_L.jpg|29881431|2019-08-04 07:21:11.477|2019-08-04 07:21:11.477|0|DERBY|NULL|9|NULL|Presidential suite living 3|FairmontDallas
29881431|2019-08-04 07:21:11.477|2019-08-04 07:21:11.477|0|29881432|5|0|0|https://media.iceportal.com/73675/photos/64366757_L.jpg|29881432|2019-08-04 07:21:11.477|2019-08-04 07:21:11.477|0|DERBY|NULL|6|NULL|Presidential suite living 5|FairmontDallas
29881432|2019-08-04 07:21:11.477|2019-08-04 07:21:11.477|0|29881433|5|0|0|https://media.iceportal.com/73675/photos/2251900_L.jpg|29881433|2019-08-04 07:21:11.477|2019-08-04 07:21:11.477|0|DERBY|NULL|14|NULL|Stage high|FairmontDallas
29881433|2019-08-04 07:21:11.477|2019-08-04 07:21:11.477|0|29881434|5|0|0|https://media.iceportal.com/73675/photos/2251974_L.jpg|29881434|2019-08-04 07:21:11.477|2019-08-04 07:21:11.477|0|DERBY|NULL|12|NULL|Ballroom Social Set high|FairmontDallas
29881434|2019-08-04 07:21:11.477|2019-08-04 07:21:11.477|0|29881435|5|0|0|https://media.iceportal.com/73675/photos/64458526_L.jpg|29881435|2019-08-04 07:21:11.477|2019-08-04 07:21:11.477|0|DERBY|NULL|9|NULL|Presidential suite shower|FairmontDallas
29881435|2019-08-04 07:21:11.477|2019-08-04 07:21:11.477|0|29881436|5|0|0|https://media.iceportal.com/73675/photos/1480786_L.jpg|29881436|2019-08-04 07:21:11.477|2019-08-04 07:21:11.477|0|DERBY|NULL|4|NULL|Pyramid Restaurant|FairmontDallas
29881436|2019-08-04 07:21:11.493|2019-08-04 07:21:11.493|0|29881437|5|0|0|https://media.iceportal.com/73675/photos/2251984_L.jpg|29881437|2019-08-04 07:21:11.493|2019-08-04 07:21:11.493|0|DERBY|NULL|14|NULL|Meeting Crescent Rounds high|FairmontDallas
29881437|2019-08-04 07:21:11.493|2019-08-04 07:21:11.493|0|29881438|5|0|0|https://media.iceportal.com/73675/photos/2251916_L.jpg|29881438|2019-08-04 07:21:11.493|2019-08-04 07:21:11.493|0|DERBY|NULL|14|NULL|Technology Room|FairmontDallas
29881438|2019-08-04 07:21:11.493|2019-08-04 07:21:11.493|0|29881439|5|0|0|https://media.iceportal.com/73675/photos/1480788_L.jpg|29881439|2019-08-04 07:21:11.493|2019-08-04 07:21:11.493|0|DERBY|NULL|14|NULL|Pavilion Room|FairmontDallas
29881439|2019-08-04 07:21:11.493|2019-08-04 07:21:11.493|0|29881440|5|0|0|https://media.iceportal.com/73675/photos/2251990_L.jpg|29881440|2019-08-04 07:21:11.493|2019-08-04 07:21:11.493|0|DERBY|NULL|14|NULL|Meeting Crescent Rounds|FairmontDallas
29881440|2019-08-04 07:21:11.493|2019-08-04 07:21:11.493|0|29881441|5|0|0|https://media.iceportal.com/73675/photos/2251980_L.jpg|29881441|2019-08-04 07:21:11.493|2019-08-04 07:21:11.493|0|DERBY|NULL|14|NULL|Meeting Classroom high|FairmontDallas
29881441|2019-08-04 07:21:11.493|2019-08-04 07:21:11.493|0|29881442|5|0|0|https://media.iceportal.com/73675/photos/2251976_L.jpg|29881442|2019-08-04 07:21:11.493|2019-08-04 07:21:11.493|0|DERBY|NULL|12|NULL|Ballroom Social Lounge high|FairmontDallas
29881442|2019-08-04 07:21:11.510|2019-08-04 07:21:11.510|0|29881443|5|0|0|https://media.iceportal.com/73675/photos/2251970_L.jpg|29881443|2019-08-04 07:21:11.493|2019-08-04 07:21:11.493|0|DERBY|NULL|12|NULL|Ballroom Social Set|FairmontDallas
29881443|2019-08-04 07:21:11.510|2019-08-04 07:21:11.510|0|29881444|5|0|0|https://media.iceportal.com/73675/photos/2251908_L.jpg|29881444|2019-08-04 07:21:11.510|2019-08-04 07:21:11.510|0|DERBY|NULL|14|NULL|Meeting Theater Style|FairmontDallas
29881444|2019-08-04 07:21:11.510|2019-08-04 07:21:11.510|0|29881445|5|0|0|https://media.iceportal.com/73675/photos/64366739_L.jpg|29881445|2019-08-04 07:21:11.510|2019-08-04 07:21:11.510|0|DERBY|NULL|6|NULL|Presidential suite bathroom|FairmontDallas
29881445|2019-08-04 07:21:11.510|2019-08-04 07:21:11.510|0|29881446|5|0|0|https://media.iceportal.com/73675/photos/64458520_L.jpg|29881446|2019-08-04 07:21:11.510|2019-08-04 07:21:11.510|0|DERBY|NULL|9|NULL|Presidential suite bedroom 2|FairmontDallas
29881446|2019-08-04 07:21:11.510|2019-08-04 07:21:11.510|0|29881447|5|0|0|https://media.iceportal.com/73675/photos/2251972_L.jpg|29881447|2019-08-04 07:21:11.510|2019-08-04 07:21:11.510|0|DERBY|NULL|12|NULL|Ballroom Social Set high|FairmontDallas
29881447|2019-08-04 07:21:11.510|2019-08-04 07:21:11.510|0|29881448|5|0|0|https://media.iceportal.com/73675/photos/1480784_L.jpg|29881448|2019-08-04 07:21:11.510|2019-08-04 07:21:11.510|0|DERBY|NULL|6|NULL|Fairmont Double Room|FairmontDallas
29881448|2019-08-04 07:21:11.510|2019-08-04 07:21:11.510|0|29881449|5|0|0|https://media.iceportal.com/73675/photos/1480798_L.jpg|29881449|2019-08-04 07:21:11.510|2019-08-04 07:21:11.510|0|DERBY|NULL|9|NULL|Fairmont King Suite Living Room|FairmontDallas
29881449|2019-08-04 07:21:11.523|2019-08-04 07:21:11.523|0|29881450|5|0|0|https://media.iceportal.com/73675/photos/64366731_L.jpg|29881450|2019-08-04 07:21:11.523|2019-08-04 07:21:11.523|0|DERBY|NULL|6|NULL|Presidential suite shower|FairmontDallas
29881450|2019-08-04 07:21:11.523|2019-08-04 07:21:11.523|0|29881451|5|0|0|https://media.iceportal.com/73675/photos/2251994_L.jpg|29881451|2019-08-04 07:21:11.523|2019-08-04 07:21:11.523|0|DERBY|NULL|14|NULL|Meeting Theater Style|FairmontDallas
29881451|2019-08-04 07:21:11.523|2019-08-04 07:21:11.523|0|29881452|5|0|0|https://media.iceportal.com/73675/photos/2251906_L.jpg|29881452|2019-08-04 07:21:11.523|2019-08-04 07:21:11.523|0|DERBY|NULL|14|NULL|Meeting Theater Style|FairmontDallas
29881452|2019-08-04 07:21:11.523|2019-08-04 07:21:11.523|0|29881453|5|0|0|https://media.iceportal.com/73675/photos/2251982_L.jpg|29881453|2019-08-04 07:21:11.523|2019-08-04 07:21:11.523|0|DERBY|NULL|14|NULL|Meeting Classroom high|FairmontDallas
29881453|2019-08-04 07:21:11.523|2019-08-04 07:21:11.523|0|29881454|5|0|0|https://media.iceportal.com/73675/photos/2251918_L.jpg|29881454|2019-08-04 07:21:11.523|2019-08-04 07:21:11.523|0|DERBY|NULL|14|NULL|Technology Room|FairmontDallas
29881454|2019-08-04 07:21:11.540|2019-08-04 07:21:11.540|0|29881455|5|0|0|https://media.iceportal.com/73675/photos/64366749_L.jpg|29881455|2019-08-04 07:21:11.523|2019-08-04 07:21:11.523|0|DERBY|NULL|6|NULL|Presidential suite living 1|FairmontDallas
29881455|2019-08-04 07:21:11.540|2019-08-04 07:21:11.540|0|29881456|5|0|0|https://media.iceportal.com/73675/photos/2251996_L.jpg|29881456|2019-08-04 07:21:11.540|2019-08-04 07:21:11.540|0|DERBY|NULL|14|NULL|Meeting Crescent Rounds high|FairmontDallas
29881456|2019-08-04 07:21:11.540|2019-08-04 07:21:11.540|0|29881457|5|0|0|https://media.iceportal.com/73675/photos/64458530_L.jpg|29881457|2019-08-04 07:21:11.540|2019-08-04 07:21:11.540|0|DERBY|NULL|9|NULL|Presidential suite living 4|FairmontDallas
29881457|2019-08-04 07:21:11.540|2019-08-04 07:21:11.540|0|29881458|5|0|0|https://media.iceportal.com/73675/photos/2251992_L.jpg|29881458|2019-08-04 07:21:11.540|2019-08-04 07:21:11.540|0|DERBY|NULL|14|NULL|Presenters Lunch windows|FairmontDallas
29881458|2019-08-04 07:21:11.540|2019-08-04 07:21:11.540|0|29881459|5|0|0|https://media.iceportal.com/73675/photos/64458528_L.jpg|29881459|2019-08-04 07:21:11.540|2019-08-04 07:21:11.540|0|DERBY|NULL|9|NULL|Presidential suite bedroom 1|FairmontDallas
29881459|2019-08-04 07:21:11.570|2019-08-04 07:21:11.570|0|29881460|5|0|0|https://media.iceportal.com/73675/photos/64366733_L.jpg|29881460|2019-08-04 07:21:11.570|2019-08-04 07:21:11.570|0|DERBY|NULL|6|NULL|Presidential suite bedroom 1|FairmontDallas
29881460|2019-08-04 07:21:11.570|2019-08-04 07:21:11.570|0|29881461|5|0|0|https://media.iceportal.com/73675/photos/64366747_L.jpg|29881461|2019-08-04 07:21:11.570|2019-08-04 07:21:11.570|0|DERBY|NULL|6|NULL|Presidential suite bedroom 3|FairmontDallas
29881461|2019-08-04 07:21:11.570|2019-08-04 07:21:11.570|0|29881462|5|0|0|https://media.iceportal.com/73675/photos/1480796_L.jpg|29881462|2019-08-04 07:21:11.570|2019-08-04 07:21:11.570|0|DERBY|NULL|6|NULL|Fairmont King Bedroom|FairmontDallas
29881462|2019-08-04 07:21:11.570|2019-08-04 07:21:11.570|0|29881463|5|0|0|https://media.iceportal.com/73675/photos/64458512_L.jpg|29881463|2019-08-04 07:21:11.570|2019-08-04 07:21:11.570|0|DERBY|NULL|9|NULL|Presidential suite living 5|FairmontDallas
29881463|2019-08-04 07:21:11.587|2019-08-04 07:21:11.587|0|29881464|5|0|0|https://media.iceportal.com/73675/photos/1480782_L.jpg|29881464|2019-08-04 07:21:11.587|2019-08-04 07:21:11.587|0|DERBY|NULL|4|NULL|Restaurant|FairmontDallas
29881464|2019-08-04 07:21:11.587|2019-08-04 07:21:11.587|0|29881465|5|0|0|https://media.iceportal.com/73675/photos/64366745_L.jpg|29881465|2019-08-04 07:21:11.587|2019-08-04 07:21:11.587|0|DERBY|NULL|6|NULL|Presidential suite bedroom 2|FairmontDallas
29883829|2019-08-04 07:22:24.183|2019-08-04 07:22:24.183|0|29883830|5|0|0|https://media.iceportal.com/73669/photos/1692355_L.jpg|29883830|2019-08-04 07:22:24.183|2019-08-04 07:22:24.183|0|DERBY|NULL|3|NULL|Fitness Center|FairmontClaremontClubAndSpaAHotel
29883830|2019-08-04 07:22:24.183|2019-08-04 07:22:24.183|0|29883831|5|0|0|https://media.iceportal.com/73669/photos/64230302_L.jpg|29883831|2019-08-04 07:22:24.183|2019-08-04 07:22:24.183|0|DERBY|NULL|9|NULL|Presidential Suite Bathroom|FairmontClaremontClubAndSpaAHotel
29883831|2019-08-04 07:22:24.183|2019-08-04 07:22:24.183|0|29883832|5|0|0|https://media.iceportal.com/73669/photos/2967824_L.jpg|29883832|2019-08-04 07:22:24.183|2019-08-04 07:22:24.183|0|DERBY|NULL|3|NULL|Fitness Center|FairmontClaremontClubAndSpaAHotel
29883832|2019-08-04 07:22:24.183|2019-08-04 07:22:24.183|0|29883833|5|0|0|https://media.iceportal.com/73669/photos/1692369_L.jpg|29883833|2019-08-04 07:22:24.183|2019-08-04 07:22:24.183|0|DERBY|NULL|14|NULL|Hilary Tenzing Room|FairmontClaremontClubAndSpaAHotel
29883833|2019-08-04 07:22:24.183|2019-08-04 07:22:24.183|0|29883834|5|0|0|https://media.iceportal.com/73669/photos/2964634_L.jpg|29883834|2019-08-04 07:22:24.183|2019-08-04 07:22:24.183|0|DERBY|NULL|7|NULL|Claremont Pool CLA|FairmontClaremontClubAndSpaAHotel
29883834|2019-08-04 07:22:24.200|2019-08-04 07:22:24.200|0|29883835|5|0|0|https://media.iceportal.com/73669/photos/1692573_L.jpg|29883835|2019-08-04 07:22:24.183|2019-08-04 07:22:24.183|0|DERBY|NULL|1|NULL|Exterior View|FairmontClaremontClubAndSpaAHotel
29883835|2019-08-04 07:22:24.200|2019-08-04 07:22:24.200|0|29883836|5|0|0|https://media.iceportal.com/73669/photos/2969236_L.jpg|29883836|2019-08-04 07:22:24.200|2019-08-04 07:22:24.200|0|DERBY|NULL|9|NULL|Tower Suite Patio|FairmontClaremontClubAndSpaAHotel
29883836|2019-08-04 07:22:24.200|2019-08-04 07:22:24.200|0|29883837|5|0|0|https://media.iceportal.com/73669/photos/2969218_L.jpg|29883837|2019-08-04 07:22:24.200|2019-08-04 07:22:24.200|0|DERBY|NULL|4|NULL|In Room Dining|FairmontClaremontClubAndSpaAHotel
29883837|2019-08-04 07:22:24.200|2019-08-04 07:22:24.200|0|29883838|5|0|0|https://media.iceportal.com/73669/photos/1692245_L.jpg|29883838|2019-08-04 07:22:24.200|2019-08-04 07:22:24.200|0|DERBY|NULL|4|NULL|Bayview Cafe Terrace|FairmontClaremontClubAndSpaAHotel
29883838|2019-08-04 07:22:24.200|2019-08-04 07:22:24.200|0|29883839|5|0|0|https://media.iceportal.com/73669/photos/2967830_L.jpg|29883839|2019-08-04 07:22:24.200|2019-08-04 07:22:24.200|0|DERBY|NULL|3|NULL|Fitness Center|FairmontClaremontClubAndSpaAHotel
29883839|2019-08-04 07:22:24.213|2019-08-04 07:22:24.213|0|29883840|5|0|0|https://media.iceportal.com/73669/photos/1692095_L.jpg|29883840|2019-08-04 07:22:24.213|2019-08-04 07:22:24.213|0|DERBY|NULL|4|NULL|Bayview Cafe Terrace|FairmontClaremontClubAndSpaAHotel
29883840|2019-08-04 07:22:24.213|2019-08-04 07:22:24.213|0|29883841|5|0|0|https://media.iceportal.com/73669/photos/1692343_L.jpg|29883841|2019-08-04 07:22:24.213|2019-08-04 07:22:24.213|0|DERBY|NULL|6|NULL|Deluxe Bay View|FairmontClaremontClubAndSpaAHotel
29883841|2019-08-04 07:22:24.213|2019-08-04 07:22:24.213|0|29883842|5|0|0|https://media.iceportal.com/73669/photos/62648157_L.jpg|29883842|2019-08-04 07:22:24.213|2019-08-04 07:22:24.213|0|DERBY|NULL|6|NULL|Signature Suite Parlor|FairmontClaremontClubAndSpaAHotel
29883842|2019-08-04 07:22:24.213|2019-08-04 07:22:24.213|0|29883843|5|0|0|https://media.iceportal.com/73669/photos/64230344_L.jpg|29883843|2019-08-04 07:22:24.213|2019-08-04 07:22:24.213|0|DERBY|NULL|9|NULL|Presidential Suite Office|FairmontClaremontClubAndSpaAHotel
29883843|2019-08-04 07:22:24.213|2019-08-04 07:22:24.213|0|29883844|5|0|0|https://media.iceportal.com/73669/photos/2969346_L.jpg|29883844|2019-08-04 07:22:24.213|2019-08-04 07:22:24.213|0|DERBY|NULL|11|NULL|Afternoon Tea|FairmontClaremontClubAndSpaAHotel
29883844|2019-08-04 07:22:24.213|2019-08-04 07:22:24.213|0|29883845|5|0|0|https://media.iceportal.com/73669/photos/62648139_L.jpg|29883845|2019-08-04 07:22:24.213|2019-08-04 07:22:24.213|0|DERBY|NULL|9|NULL|Junior Suite Bay View|FairmontClaremontClubAndSpaAHotel
29883845|2019-08-04 07:22:24.230|2019-08-04 07:22:24.230|0|29883846|5|0|0|https://media.iceportal.com/73669/photos/62648121_L.jpg|29883846|2019-08-04 07:22:24.213|2019-08-04 07:22:24.213|0|DERBY|NULL|4|NULL|Bed and Breakfast|FairmontClaremontClubAndSpaAHotel
29883846|2019-08-04 07:22:24.230|2019-08-04 07:22:24.230|0|29883847|5|0|0|https://media.iceportal.com/73669/photos/1692349_L.jpg|29883847|2019-08-04 07:22:24.230|2019-08-04 07:22:24.230|0|DERBY|NULL|6|NULL|Fairmont Room|FairmontClaremontClubAndSpaAHotel
29883847|2019-08-04 07:22:24.230|2019-08-04 07:22:24.230|0|29883848|5|0|0|https://media.iceportal.com/73669/photos/2960596_L.jpg|29883848|2019-08-04 07:22:24.230|2019-08-04 07:22:24.230|0|DERBY|NULL|2|NULL|Lobby Lounge|FairmontClaremontClubAndSpaAHotel
29883848|2019-08-04 07:22:24.230|2019-08-04 07:22:24.230|0|29883849|5|0|0|https://media.iceportal.com/73669/photos/2968950_L.jpg|29883849|2019-08-04 07:22:24.230|2019-08-04 07:22:24.230|0|DERBY|NULL|18|NULL|Tennis Courts|FairmontClaremontClubAndSpaAHotel
29883849|2019-08-04 07:22:24.230|2019-08-04 07:22:24.230|0|29883850|5|0|0|https://media.iceportal.com/73669/photos/64231538_L.jpg|29883850|2019-08-04 07:22:24.230|2019-08-04 07:22:24.230|0|DERBY|NULL|1|NULL|Hotel Exterior|FairmontClaremontClubAndSpaAHotel
29883850|2019-08-04 07:22:24.247|2019-08-04 07:22:24.247|0|29883851|5|0|0|https://media.iceportal.com/73669/photos/2977500_L.jpg|29883851|2019-08-04 07:22:24.230|2019-08-04 07:22:24.230|0|DERBY|NULL|7|NULL|Claremont Pool|FairmontClaremontClubAndSpaAHotel
29883851|2019-08-04 07:22:24.247|2019-08-04 07:22:24.247|0|29883852|5|0|0|https://media.iceportal.com/73669/photos/64231496_L.jpg|29883852|2019-08-04 07:22:24.247|2019-08-04 07:22:24.247|0|DERBY|NULL|11|NULL|Limewood Bar|FairmontClaremontClubAndSpaAHotel
29883852|2019-08-04 07:22:24.247|2019-08-04 07:22:24.247|0|29883853|5|0|0|https://media.iceportal.com/73669/photos/64231404_L.jpg|29883853|2019-08-04 07:22:24.247|2019-08-04 07:22:24.247|0|DERBY|NULL|11|NULL|Limewood Bar|FairmontClaremontClubAndSpaAHotel
29883853|2019-08-04 07:22:24.247|2019-08-04 07:22:24.247|0|29883854|5|0|0|https://media.iceportal.com/73669/photos/2968944_L.jpg|29883854|2019-08-04 07:22:24.247|2019-08-04 07:22:24.247|0|DERBY|NULL|4|NULL|Bayview Cafe|FairmontClaremontClubAndSpaAHotel
29883854|2019-08-04 07:22:24.260|2019-08-04 07:22:24.260|0|29883855|5|0|0|https://media.iceportal.com/73669/photos/1692433_L.jpg|29883855|2019-08-04 07:22:24.247|2019-08-04 07:22:24.247|0|DERBY|NULL|12|NULL|Wedding|FairmontClaremontClubAndSpaAHotel
29883855|2019-08-04 07:22:24.260|2019-08-04 07:22:24.260|0|29883856|5|0|0|https://media.iceportal.com/73669/photos/2968946_L.jpg|29883856|2019-08-04 07:22:24.260|2019-08-04 07:22:24.260|0|DERBY|NULL|7|NULL|Pool|FairmontClaremontClubAndSpaAHotel
29883856|2019-08-04 07:22:24.260|2019-08-04 07:22:24.260|0|29883857|5|0|0|https://media.iceportal.com/73669/photos/2968940_L.jpg|29883857|2019-08-04 07:22:24.260|2019-08-04 07:22:24.260|0|DERBY|NULL|7|NULL|Pool|FairmontClaremontClubAndSpaAHotel
29883857|2019-08-04 07:22:24.260|2019-08-04 07:22:24.260|0|29883858|5|0|0|https://media.iceportal.com/73669/photos/1692599_L.jpg|29883858|2019-08-04 07:22:24.260|2019-08-04 07:22:24.260|0|DERBY|NULL|3|NULL|Fitness Center|FairmontClaremontClubAndSpaAHotel
29883858|2019-08-04 07:22:24.260|2019-08-04 07:22:24.260|0|29883859|5|0|0|https://media.iceportal.com/73669/photos/62648111_L.jpg|29883859|2019-08-04 07:22:24.260|2019-08-04 07:22:24.260|0|DERBY|NULL|6|NULL|Bathroom Oval Tub|FairmontClaremontClubAndSpaAHotel
29883859|2019-08-04 07:22:24.277|2019-08-04 07:22:24.277|0|29883860|5|0|0|https://media.iceportal.com/73669/photos/64231400_L.jpg|29883860|2019-08-04 07:22:24.260|2019-08-04 07:22:24.260|0|DERBY|NULL|11|NULL|Limewood Bar|FairmontClaremontClubAndSpaAHotel
29883860|2019-08-04 07:22:24.277|2019-08-04 07:22:24.277|0|29883861|5|0|0|https://media.iceportal.com/73669/photos/62648147_L.jpg|29883861|2019-08-04 07:22:24.277|2019-08-04 07:22:24.277|0|DERBY|NULL|6|NULL|Signature Bayview Queen|FairmontClaremontClubAndSpaAHotel
29883861|2019-08-04 07:22:24.277|2019-08-04 07:22:24.277|0|29883862|5|0|0|https://media.iceportal.com/73669/photos/2646359_L.jpg|29883862|2019-08-04 07:22:24.277|2019-08-04 07:22:24.277|0|DERBY|NULL|9|NULL|Presidential Suite Parlor|FairmontClaremontClubAndSpaAHotel
29883862|2019-08-04 07:22:24.277|2019-08-04 07:22:24.277|0|29883863|5|0|0|https://media.iceportal.com/73669/photos/2646357_L.jpg|29883863|2019-08-04 07:22:24.277|2019-08-04 07:22:24.277|0|DERBY|NULL|9|NULL|Presidential Suite Office|FairmontClaremontClubAndSpaAHotel
29883863|2019-08-04 07:22:24.277|2019-08-04 07:22:24.277|0|29883864|5|0|0|https://media.iceportal.com/73669/photos/62648131_L.jpg|29883864|2019-08-04 07:22:24.277|2019-08-04 07:22:24.277|0|DERBY|NULL|9|NULL|One Bedroom Suite King|FairmontClaremontClubAndSpaAHotel
29883864|2019-08-04 07:22:24.277|2019-08-04 07:22:24.277|0|29883865|5|0|0|https://media.iceportal.com/73669/photos/2977516_L.jpg|29883865|2019-08-04 07:22:24.277|2019-08-04 07:22:24.277|0|DERBY|NULL|7|NULL|Claremont Pool|FairmontClaremontClubAndSpaAHotel
29883865|2019-08-04 07:22:24.277|2019-08-04 07:22:24.277|0|29883866|5|0|0|https://media.iceportal.com/73669/photos/1692579_L.jpg|29883866|2019-08-04 07:22:24.277|2019-08-04 07:22:24.277|0|DERBY|NULL|18|NULL|Tennis Courts|FairmontClaremontClubAndSpaAHotel
29883866|2019-08-04 07:22:24.293|2019-08-04 07:22:24.293|0|29883867|5|0|0|https://media.iceportal.com/73669/photos/2968956_L.jpg|29883867|2019-08-04 07:22:24.293|2019-08-04 07:22:24.293|0|DERBY|NULL|17|NULL|Spa Claremont|FairmontClaremontClubAndSpaAHotel
29883867|2019-08-04 07:22:24.293|2019-08-04 07:22:24.293|0|29883868|5|0|0|https://media.iceportal.com/73669/photos/62648127_L.jpg|29883868|2019-08-04 07:22:24.293|2019-08-04 07:22:24.293|0|DERBY|NULL|6|NULL|Bathroom|FairmontClaremontClubAndSpaAHotel
29883868|2019-08-04 07:22:24.293|2019-08-04 07:22:24.293|0|29883869|5|0|0|https://media.iceportal.com/73669/photos/1692233_L.jpg|29883869|2019-08-04 07:22:24.293|2019-08-04 07:22:24.293|0|DERBY|NULL|6|NULL|Fairmont Room Bathroom|FairmontClaremontClubAndSpaAHotel
29883869|2019-08-04 07:22:24.293|2019-08-04 07:22:24.293|0|29883870|5|0|0|https://media.iceportal.com/73669/photos/2968942_L.jpg|29883870|2019-08-04 07:22:24.293|2019-08-04 07:22:24.293|0|DERBY|NULL|7|NULL|Pool|FairmontClaremontClubAndSpaAHotel
29883870|2019-08-04 07:22:24.293|2019-08-04 07:22:24.293|0|29883871|5|0|0|https://media.iceportal.com/73669/photos/64231418_L.jpg|29883871|2019-08-04 07:22:24.293|2019-08-04 07:22:24.293|0|DERBY|NULL|11|NULL|Limewood Bar|FairmontClaremontClubAndSpaAHotel
29883871|2019-08-04 07:22:24.293|2019-08-04 07:22:24.293|0|29883872|5|0|0|https://media.iceportal.com/73669/photos/2969342_L.jpg|29883872|2019-08-04 07:22:24.293|2019-08-04 07:22:24.293|0|DERBY|NULL|2|NULL|Guest Checkin|FairmontClaremontClubAndSpaAHotel
29883872|2019-08-04 07:22:24.307|2019-08-04 07:22:24.307|0|29883873|5|0|0|https://media.iceportal.com/73669/photos/2969352_L.jpg|29883873|2019-08-04 07:22:24.307|2019-08-04 07:22:24.307|0|DERBY|NULL|14|NULL|Lanai|FairmontClaremontClubAndSpaAHotel
29883873|2019-08-04 07:22:24.307|2019-08-04 07:22:24.307|0|29883874|5|0|0|https://media.iceportal.com/73669/photos/2967832_L.jpg|29883874|2019-08-04 07:22:24.307|2019-08-04 07:22:24.307|0|DERBY|NULL|18|NULL|Tennis Courts|FairmontClaremontClubAndSpaAHotel
29883874|2019-08-04 07:22:24.307|2019-08-04 07:22:24.307|0|29883875|5|0|0|https://media.iceportal.com/73669/photos/1692313_L.jpg|29883875|2019-08-04 07:22:24.307|2019-08-04 07:22:24.307|0|DERBY|NULL|2|NULL|Lobby Lounge|FairmontClaremontClubAndSpaAHotel
29883875|2019-08-04 07:22:24.307|2019-08-04 07:22:24.307|0|29883876|5|0|0|https://media.iceportal.com/73669/photos/62648123_L.jpg|29883876|2019-08-04 07:22:24.307|2019-08-04 07:22:24.307|0|DERBY|NULL|6|NULL|Deluxe King Hillside|FairmontClaremontClubAndSpaAHotel
29883876|2019-08-04 07:22:24.307|2019-08-04 07:22:24.307|0|29883877|5|0|0|https://media.iceportal.com/73669/photos/2969290_L.jpg|29883877|2019-08-04 07:22:24.307|2019-08-04 07:22:24.307|0|DERBY|NULL|2|NULL|Hotel Lobby|FairmontClaremontClubAndSpaAHotel
29883877|2019-08-04 07:22:24.323|2019-08-04 07:22:24.323|0|29883878|5|0|0|https://media.iceportal.com/73669/photos/64231540_L.jpg|29883878|2019-08-04 07:22:24.323|2019-08-04 07:22:24.323|0|DERBY|NULL|17|NULL|Massage Service|FairmontClaremontClubAndSpaAHotel
29883878|2019-08-04 07:22:24.323|2019-08-04 07:22:24.323|0|29883879|5|0|0|https://media.iceportal.com/73669/photos/2967838_L.jpg|29883879|2019-08-04 07:22:24.323|2019-08-04 07:22:24.323|0|DERBY|NULL|3|NULL|Fitness Center|FairmontClaremontClubAndSpaAHotel
29883879|2019-08-04 07:22:24.323|2019-08-04 07:22:24.323|0|29883880|5|0|0|https://media.iceportal.com/73669/photos/64230358_L.jpg|29883880|2019-08-04 07:22:24.323|2019-08-04 07:22:24.323|0|DERBY|NULL|11|NULL|Limewood Bar|FairmontClaremontClubAndSpaAHotel
29883880|2019-08-04 07:22:24.323|2019-08-04 07:22:24.323|0|29883881|5|0|0|https://media.iceportal.com/73669/photos/62648137_L.jpg|29883881|2019-08-04 07:22:24.323|2019-08-04 07:22:24.323|0|DERBY|NULL|9|NULL|Junior Suite Bay View|FairmontClaremontClubAndSpaAHotel
29883881|2019-08-04 07:22:24.323|2019-08-04 07:22:24.323|0|29883882|5|0|0|https://media.iceportal.com/73669/photos/2646367_L.jpg|29883882|2019-08-04 07:22:24.323|2019-08-04 07:22:24.323|0|DERBY|NULL|9|NULL|Presidential Suite Parlor|FairmontClaremontClubAndSpaAHotel
29883882|2019-08-04 07:22:24.323|2019-08-04 07:22:24.323|0|29883883|5|0|0|https://media.iceportal.com/73669/photos/62648143_L.jpg|29883883|2019-08-04 07:22:24.323|2019-08-04 07:22:24.323|0|DERBY|NULL|6|NULL|Signature Suite King|FairmontClaremontClubAndSpaAHotel
29883883|2019-08-04 07:22:24.323|2019-08-04 07:22:24.323|0|29883884|5|0|0|https://media.iceportal.com/73669/photos/1692409_L.jpg|29883884|2019-08-04 07:22:24.323|2019-08-04 07:22:24.323|0|DERBY|NULL|11|NULL|Dining|FairmontClaremontClubAndSpaAHotel
29883884|2019-08-04 07:22:24.340|2019-08-04 07:22:24.340|0|29883885|5|0|0|https://media.iceportal.com/73669/photos/2967836_L.jpg|29883885|2019-08-04 07:22:24.340|2019-08-04 07:22:24.340|0|DERBY|NULL|3|NULL|Fitness Center|FairmontClaremontClubAndSpaAHotel
29883885|2019-08-04 07:22:24.340|2019-08-04 07:22:24.340|0|29883886|5|0|0|https://media.iceportal.com/73669/photos/1692581_L.jpg|29883886|2019-08-04 07:22:24.340|2019-08-04 07:22:24.340|0|DERBY|NULL|1|NULL|Exterior View|FairmontClaremontClubAndSpaAHotel
29883886|2019-08-04 07:22:24.340|2019-08-04 07:22:24.340|0|29883887|5|0|0|https://media.iceportal.com/73669/photos/2646353_L.jpg|29883887|2019-08-04 07:22:24.340|2019-08-04 07:22:24.340|0|DERBY|NULL|9|NULL|Presidential Suite Parlor|FairmontClaremontClubAndSpaAHotel
29883887|2019-08-04 07:22:24.340|2019-08-04 07:22:24.340|0|29883888|5|0|0|https://media.iceportal.com/73669/photos/2977512_L.jpg|29883888|2019-08-04 07:22:24.340|2019-08-04 07:22:24.340|0|DERBY|NULL|7|NULL|Claremont Pool|FairmontClaremontClubAndSpaAHotel
29883888|2019-08-04 07:22:24.340|2019-08-04 07:22:24.340|0|29883889|5|0|0|https://media.iceportal.com/73669/photos/64230350_L.jpg|29883889|2019-08-04 07:22:24.340|2019-08-04 07:22:24.340|0|DERBY|NULL|11|NULL|Limewood Bar|FairmontClaremontClubAndSpaAHotel
29883889|2019-08-04 07:22:24.340|2019-08-04 07:22:24.340|0|29883890|5|0|0|https://media.iceportal.com/73669/photos/2968948_L.jpg|29883890|2019-08-04 07:22:24.340|2019-08-04 07:22:24.340|0|DERBY|NULL|7|NULL|Pool|FairmontClaremontClubAndSpaAHotel
29883890|2019-08-04 07:22:24.353|2019-08-04 07:22:24.353|0|29883891|5|0|0|https://media.iceportal.com/73669/photos/2646369_L.jpg|29883891|2019-08-04 07:22:24.353|2019-08-04 07:22:24.353|0|DERBY|NULL|9|NULL|Presidential Suite Parlor|FairmontClaremontClubAndSpaAHotel
29883891|2019-08-04 07:22:24.353|2019-08-04 07:22:24.353|0|29883892|5|0|0|https://media.iceportal.com/73669/photos/2960436_L.jpg|29883892|2019-08-04 07:22:24.353|2019-08-04 07:22:24.353|0|DERBY|NULL|3|NULL|Fitness Center|FairmontClaremontClubAndSpaAHotel
29883892|2019-08-04 07:22:24.353|2019-08-04 07:22:24.353|0|29883893|5|0|0|https://media.iceportal.com/73669/photos/1692587_L.jpg|29883893|2019-08-04 07:22:24.353|2019-08-04 07:22:24.353|0|DERBY|NULL|1|NULL|Exterior View|FairmontClaremontClubAndSpaAHotel
29883893|2019-08-04 07:22:24.353|2019-08-04 07:22:24.353|0|29883894|5|0|0|https://media.iceportal.com/73669/photos/2968958_L.jpg|29883894|2019-08-04 07:22:24.353|2019-08-04 07:22:24.353|0|DERBY|NULL|17|NULL|Spa Claremont|FairmontClaremontClubAndSpaAHotel
29883894|2019-08-04 07:22:24.353|2019-08-04 07:22:24.353|0|29883895|5|0|0|https://media.iceportal.com/73669/photos/2646351_L.jpg|29883895|2019-08-04 07:22:24.353|2019-08-04 07:22:24.353|0|DERBY|NULL|9|NULL|Presidential Suite|FairmontClaremontClubAndSpaAHotel
29883895|2019-08-04 07:22:24.353|2019-08-04 07:22:24.353|0|29883896|5|0|0|https://media.iceportal.com/73669/photos/2969224_L.jpg|29883896|2019-08-04 07:22:24.353|2019-08-04 07:22:24.353|0|DERBY|NULL|1|NULL|360 View of the Bay from the Tower S|FairmontClaremontClubAndSpaAHotel
29883896|2019-08-04 07:22:24.370|2019-08-04 07:22:24.370|0|29883897|5|0|0|https://media.iceportal.com/73669/photos/62648135_L.jpg|29883897|2019-08-04 07:22:24.353|2019-08-04 07:22:24.353|0|DERBY|NULL|6|NULL|Fairmont King Bayview|FairmontClaremontClubAndSpaAHotel
29883897|2019-08-04 07:22:24.370|2019-08-04 07:22:24.370|0|29883898|5|0|0|https://media.iceportal.com/73669/photos/62648159_L.jpg|29883898|2019-08-04 07:22:24.370|2019-08-04 07:22:24.370|0|DERBY|NULL|6|NULL|Signature Suite Parlor|FairmontClaremontClubAndSpaAHotel
29883898|2019-08-04 07:22:24.370|2019-08-04 07:22:24.370|0|29883899|5|0|0|https://media.iceportal.com/73669/photos/62648145_L.jpg|29883899|2019-08-04 07:22:24.370|2019-08-04 07:22:24.370|0|DERBY|NULL|6|NULL|Signature Bayview King|FairmontClaremontClubAndSpaAHotel
29883899|2019-08-04 07:22:24.370|2019-08-04 07:22:24.370|0|29883900|5|0|0|https://media.iceportal.com/73669/photos/62648149_L.jpg|29883900|2019-08-04 07:22:24.370|2019-08-04 07:22:24.370|0|DERBY|NULL|6|NULL|Signature Bayview Queen|FairmontClaremontClubAndSpaAHotel
29883900|2019-08-04 07:22:24.370|2019-08-04 07:22:24.370|0|29883901|5|0|0|https://media.iceportal.com/73669/photos/64230352_L.jpg|29883901|2019-08-04 07:22:24.370|2019-08-04 07:22:24.370|0|DERBY|NULL|11|NULL|Limewood Bar|FairmontClaremontClubAndSpaAHotel
29883901|2019-08-04 07:22:24.387|2019-08-04 07:22:24.387|0|29883902|5|0|0|https://media.iceportal.com/73669/photos/1692413_L.jpg|29883902|2019-08-04 07:22:24.387|2019-08-04 07:22:24.387|0|DERBY|NULL|7|NULL|Pool|FairmontClaremontClubAndSpaAHotel
29883902|2019-08-04 07:22:24.387|2019-08-04 07:22:24.387|0|29883903|5|0|0|https://media.iceportal.com/73669/photos/1692419_L.jpg|29883903|2019-08-04 07:22:24.387|2019-08-04 07:22:24.387|0|DERBY|NULL|7|NULL|Pool|FairmontClaremontClubAndSpaAHotel
29883903|2019-08-04 07:22:24.387|2019-08-04 07:22:24.387|0|29883904|5|0|0|https://media.iceportal.com/73669/photos/64231416_L.jpg|29883904|2019-08-04 07:22:24.387|2019-08-04 07:22:24.387|0|DERBY|NULL|11|NULL|Limewood Bar|FairmontClaremontClubAndSpaAHotel
29883904|2019-08-04 07:22:24.387|2019-08-04 07:22:24.387|0|29883905|5|0|0|https://media.iceportal.com/73669/photos/1692317_L.jpg|29883905|2019-08-04 07:22:24.387|2019-08-04 07:22:24.387|0|DERBY|NULL|11|NULL|Claremont Lobby Lounge & Bar|FairmontClaremontClubAndSpaAHotel
29883905|2019-08-04 07:22:24.387|2019-08-04 07:22:24.387|0|29883906|5|0|0|https://media.iceportal.com/73669/photos/64230316_L.jpg|29883906|2019-08-04 07:22:24.387|2019-08-04 07:22:24.387|0|DERBY|NULL|9|NULL|Presidential Suite Parlor|FairmontClaremontClubAndSpaAHotel
29883906|2019-08-04 07:22:24.400|2019-08-04 07:22:24.400|0|29883907|5|0|0|https://media.iceportal.com/73669/photos/62648141_L.jpg|29883907|2019-08-04 07:22:24.387|2019-08-04 07:22:24.387|0|DERBY|NULL|6|NULL|Signature Suite King|FairmontClaremontClubAndSpaAHotel
29883907|2019-08-04 07:22:24.400|2019-08-04 07:22:24.400|0|29883908|5|0|0|https://media.iceportal.com/73669/photos/62648113_L.jpg|29883908|2019-08-04 07:22:24.400|2019-08-04 07:22:24.400|0|DERBY|NULL|6|NULL|Bathroom|FairmontClaremontClubAndSpaAHotel
29883908|2019-08-04 07:22:24.400|2019-08-04 07:22:24.400|0|29883909|5|0|0|https://media.iceportal.com/73669/photos/1692427_L.jpg|29883909|2019-08-04 07:22:24.400|2019-08-04 07:22:24.400|0|DERBY|NULL|7|NULL|Pool View|FairmontClaremontClubAndSpaAHotel
29883909|2019-08-04 07:22:24.400|2019-08-04 07:22:24.400|0|29883910|5|0|0|https://media.iceportal.com/73669/photos/64230318_L.jpg|29883910|2019-08-04 07:22:24.400|2019-08-04 07:22:24.400|0|DERBY|NULL|9|NULL|Presidential Suite Bedroom|FairmontClaremontClubAndSpaAHotel
29883910|2019-08-04 07:22:24.417|2019-08-04 07:22:24.417|0|29883911|5|0|0|https://media.iceportal.com/73669/photos/62648133_L.jpg|29883911|2019-08-04 07:22:24.417|2019-08-04 07:22:24.417|0|DERBY|NULL|9|NULL|One Bedroom Suite King|FairmontClaremontClubAndSpaAHotel
29883911|2019-08-04 07:22:24.417|2019-08-04 07:22:24.417|0|29883912|5|0|0|https://media.iceportal.com/73669/photos/1692585_L.jpg|29883912|2019-08-04 07:22:24.417|2019-08-04 07:22:24.417|0|DERBY|NULL|9|NULL|Tower Suite|FairmontClaremontClubAndSpaAHotel
29883912|2019-08-04 07:22:24.417|2019-08-04 07:22:24.417|0|29883913|5|0|0|https://media.iceportal.com/73669/photos/2646355_L.jpg|29883913|2019-08-04 07:22:24.417|2019-08-04 07:22:24.417|0|DERBY|NULL|9|NULL|Presidential Suite Parlor|FairmontClaremontClubAndSpaAHotel
29883913|2019-08-04 07:22:24.433|2019-08-04 07:22:24.433|0|29883914|5|0|0|https://media.iceportal.com/73669/photos/64231530_L.jpg|29883914|2019-08-04 07:22:24.417|2019-08-04 07:22:24.417|0|DERBY|NULL|1|NULL|Hotel Exterior|FairmontClaremontClubAndSpaAHotel
29883914|2019-08-04 07:22:24.433|2019-08-04 07:22:24.433|0|29883915|5|0|0|https://media.iceportal.com/73669/photos/62648155_L.jpg|29883915|2019-08-04 07:22:24.433|2019-08-04 07:22:24.433|0|DERBY|NULL|1|NULL|Signature Suite Parlor|FairmontClaremontClubAndSpaAHotel
29883915|2019-08-04 07:22:24.433|2019-08-04 07:22:24.433|0|29883916|5|0|0|https://media.iceportal.com/73669/photos/2969208_L.jpg|29883916|2019-08-04 07:22:24.433|2019-08-04 07:22:24.433|0|DERBY|NULL|2|NULL|Lobby Lounge Bar|FairmontClaremontClubAndSpaAHotel
29883916|2019-08-04 07:22:24.433|2019-08-04 07:22:24.433|0|29883917|5|0|0|https://media.iceportal.com/73669/photos/1692431_L.jpg|29883917|2019-08-04 07:22:24.433|2019-08-04 07:22:24.433|0|DERBY|NULL|9|NULL|Presidential Suite|FairmontClaremontClubAndSpaAHotel
29883917|2019-08-04 07:22:24.433|2019-08-04 07:22:24.433|0|29883918|5|0|0|https://media.iceportal.com/73669/photos/62648125_L.jpg|29883918|2019-08-04 07:22:24.433|2019-08-04 07:22:24.433|0|DERBY|NULL|6|NULL|Bathroom|FairmontClaremontClubAndSpaAHotel
29883918|2019-08-04 07:22:24.433|2019-08-04 07:22:24.433|0|29883919|5|0|0|https://media.iceportal.com/73669/photos/62648129_L.jpg|29883919|2019-08-04 07:22:24.433|2019-08-04 07:22:24.433|0|DERBY|NULL|6|NULL|Bayview King|FairmontClaremontClubAndSpaAHotel